empl_id,start_date,glc,l2_org
20392,1988-10-24 00:00:00,L4 Employees,DS: Digital Services
20475,1985-04-26 00:00:00,L4 Employees,MA: Mgmt Advisory Svcs
20880,1988-11-15 00:00:00,L4 Employees,LM: Logistics
20901,1988-02-22 00:00:00,L4 Employees,LM: Logistics
20925,1986-01-21 00:00:00,L4 Employees,AA: Advanced Analytics
20930,1979-02-14 00:00:00,L4 Employees,LM: Logistics
20935,1985-09-16 00:00:00,L4 Employees,LM: Logistics
20945,1985-02-04 00:00:00,Not Applicable,SL: Legacy
20970,1978-06-01 00:00:00,L4 Employees,LM: Logistics
20975,1984-12-17 00:00:00,L4 Employees,LM: Logistics
21230,1972-08-03 00:00:00,Not Applicable,SL: Legacy
21575,1987-11-02 00:00:00,Not Applicable,SL: Legacy
21790,1987-01-02 00:00:00,L4 Employees,MA: Mgmt Advisory Svcs
21800,2015-10-19 00:00:00,L4 Employees,LM: Logistics
22511,1989-03-13 00:00:00,L4 Employees,LM: Logistics
22512,1989-03-20 00:00:00,L4 Employees,AA: Advanced Analytics
22513,1989-04-26 00:00:00,L4 Employees,MA: Mgmt Advisory Svcs
22516,1989-05-08 00:00:00,L4 Employees,MA: Mgmt Advisory Svcs
22533,2015-10-13 00:00:00,L4 Employees,LM: Logistics
22541,2017-10-23 00:00:00,L4 Employees,LM: Logistics
22550,1990-11-01 00:00:00,L4 Employees,LM: Logistics
22554,1991-06-10 00:00:00,L4 Employees,MA: Mgmt Advisory Svcs
22555,1991-08-26 00:00:00,L4 Employees,LM: Logistics
22559,1991-10-21 00:00:00,L4 Employees,AA: Advanced Analytics
22560,1991-11-18 00:00:00,L4 Employees,MA: Mgmt Advisory Svcs
22576,1992-09-01 00:00:00,L4 Employees,MA: Mgmt Advisory Svcs
22589,1993-01-15 00:00:00,L4 Employees,MA: Mgmt Advisory Svcs
22597,1993-06-01 00:00:00,L4 Employees,LM: Logistics
22610,1994-01-03 00:00:00,L4 Employees,LM: Logistics
22631,1994-07-25 00:00:00,L4 Employees,MA: Mgmt Advisory Svcs
22632,1994-08-15 00:00:00,L4 Employees,MA: Mgmt Advisory Svcs
22637,2006-11-01 00:00:00,Not Applicable,SL: Legacy
22642,1994-11-01 00:00:00,L4 Employees,MA: Mgmt Advisory Svcs
22644,1994-11-28 00:00:00,L4 Employees,DS: Digital Services
22649,2012-10-01 00:00:00,L4 Employees,LM: Logistics
22652,1995-01-02 00:00:00,L4 Employees,MA: Mgmt Advisory Svcs
22654,1995-01-23 00:00:00,L4 Employees,DS: Digital Services
22658,1995-02-01 00:00:00,L4 Employees,MA: Mgmt Advisory Svcs
22662,1995-04-01 00:00:00,L4 Employees,LM: Logistics
22664,1995-04-01 00:00:00,L4 Employees,LM: Logistics
22668,1994-06-01 00:00:00,Not Applicable,SL: Legacy
22684,1995-10-01 00:00:00,Not Applicable,SL: Legacy
22689,1995-12-01 00:00:00,L4 Employees,LM: Logistics
22741,2016-03-28 00:00:00,L4 Employees,LM: Logistics
22744,1993-02-15 00:00:00,L4 Employees,LM: Logistics
22750,1996-02-26 00:00:00,L4 Employees,AA: Advanced Analytics
22751,1996-02-26 00:00:00,L4 Employees,LM: Logistics
22763,1996-06-24 00:00:00,Not Applicable,SL: Legacy
22764,2017-11-01 00:00:00,L4 Employees,MA: Mgmt Advisory Svcs
22776,1996-09-01 00:00:00,L4 Employees,LM: Logistics
22791,1996-12-01 00:00:00,Not Applicable,SL: Legacy
22792,2014-11-16 00:00:00,L4 Employees,LM: Logistics
22794,1997-01-13 00:00:00,L4 Employees,MA: Mgmt Advisory Svcs
22800,1997-03-16 00:00:00,L4 Employees,LM: Logistics
22806,1997-06-01 00:00:00,L4 Employees,LM: Logistics
22808,1997-05-26 00:00:00,L4 Employees,MA: Mgmt Advisory Svcs
22810,1998-06-08 00:00:00,L4 Employees,MA: Mgmt Advisory Svcs
22812,1997-07-24 00:00:00,Not Applicable,SL: Legacy
22821,1997-10-01 00:00:00,L4 Employees,MA: Mgmt Advisory Svcs
22822,1997-10-01 00:00:00,L2 Management,LM: Logistics
22834,2008-06-16 00:00:00,L4 Employees,LM: Logistics
22836,1996-01-01 00:00:00,L4 Employees,LM: Logistics
22849,1998-03-09 00:00:00,L4 Employees,MA: Mgmt Advisory Svcs
22852,1998-03-23 00:00:00,L4 Employees,LM: Logistics
22857,1998-04-13 00:00:00,Not Applicable,SL: Legacy
22859,2000-10-01 00:00:00,L4 Employees,DS: Digital Services
22876,1998-08-01 00:00:00,Not Applicable,SL: Legacy
22881,1998-08-10 00:00:00,L3 Management,LM: Logistics
22886,1998-09-10 00:00:00,L4 Employees,DS: Digital Services
22889,1998-09-01 00:00:00,L4 Employees,LM: Logistics
22893,1998-09-21 00:00:00,L4 Employees,DS: Digital Services
22895,1998-09-21 00:00:00,L4 Employees,MA: Mgmt Advisory Svcs
22924,1999-01-01 00:00:00,L4 Employees,MA: Mgmt Advisory Svcs
22933,1999-04-01 00:00:00,Not Applicable,SL: Legacy
22942,1999-05-24 00:00:00,L4 Employees,LM: Logistics
22961,1999-09-07 00:00:00,L4 Employees,DS: Digital Services
22978,2000-01-25 00:00:00,L4 Employees,DS: Digital Services
22979,1999-12-01 00:00:00,L4 Employees,DS: Digital Services
22991,2000-01-05 00:00:00,L4 Employees,LM: Logistics
22994,2000-02-22 00:00:00,L4 Employees,MA: Mgmt Advisory Svcs
22998,2000-02-22 00:00:00,L4 Employees,MA: Mgmt Advisory Svcs
23003,2000-04-03 00:00:00,L4 Employees,MA: Mgmt Advisory Svcs
23013,2000-04-24 00:00:00,L4 Employees,DS: Digital Services
23015,2000-05-30 00:00:00,L4 Employees,LM: Logistics
23027,2000-07-17 00:00:00,L4 Employees,LM: Logistics
23031,2000-07-10 00:00:00,L4 Employees,DS: Digital Services
23039,2000-08-21 00:00:00,L4 Employees,LM: Logistics
23044,2000-07-11 00:00:00,L4 Employees,LM: Logistics
23046,2000-07-17 00:00:00,L4 Employees,LM: Logistics
23051,2005-10-01 00:00:00,L4 Employees,DS: Digital Services
23054,2000-08-07 00:00:00,Not Applicable,SL: Legacy
23055,2000-07-24 00:00:00,L4 Employees,LM: Logistics
23057,2000-07-26 00:00:00,L4 Employees,LM: Logistics
23058,2000-08-14 00:00:00,Not Applicable,SL: Legacy
23064,2000-08-21 00:00:00,L4 Employees,LM: Logistics
23072,2017-01-01 00:00:00,L4 Employees,LM: Logistics
23074,2000-09-18 00:00:00,L4 Employees,MA: Mgmt Advisory Svcs
23075,2000-09-18 00:00:00,L4 Employees,LM: Logistics
23078,2000-10-02 00:00:00,L4 Employees,LM: Logistics
23079,2013-01-01 00:00:00,L4 Employees,DS: Digital Services
23087,2000-11-01 00:00:00,L4 Employees,MA: Mgmt Advisory Svcs
23092,2001-01-08 00:00:00,L4 Employees,LM: Logistics
23098,2000-12-04 00:00:00,L4 Employees,LM: Logistics
23100,2001-01-16 00:00:00,L4 Employees,LM: Logistics
23101,2001-01-16 00:00:00,L4 Employees,LM: Logistics
23111,2001-01-08 00:00:00,L4 Employees,LM: Logistics
23129,2001-03-12 00:00:00,L4 Employees,DS: Digital Services
23130,2016-07-11 00:00:00,L4 Employees,LM: Logistics
23132,2001-04-16 00:00:00,Not Applicable,SL: Legacy
23133,2001-03-19 00:00:00,Not Applicable,SL: Legacy
23134,2001-05-01 00:00:00,L4 Employees,LM: Logistics
23135,2001-04-02 00:00:00,L4 Employees,MA: Mgmt Advisory Svcs
23137,2001-04-02 00:00:00,L4 Employees,DS: Digital Services
23142,2001-04-16 00:00:00,Not Applicable,SL: Legacy
23153,2001-06-04 00:00:00,L4 Employees,MA: Mgmt Advisory Svcs
23155,2001-06-01 00:00:00,Not Applicable,SL: Legacy
23167,2001-07-16 00:00:00,L4 Employees,LM: Logistics
23173,2017-05-22 00:00:00,L4 Employees,MA: Mgmt Advisory Svcs
23177,2001-08-01 00:00:00,L4 Employees,MA: Mgmt Advisory Svcs
23179,2001-08-06 00:00:00,L4 Employees,DS: Digital Services
23189,2001-08-27 00:00:00,L4 Employees,LM: Logistics
23190,2001-09-05 00:00:00,L4 Employees,MA: Mgmt Advisory Svcs
23193,2001-09-10 00:00:00,L4 Employees,LM: Logistics
23195,2001-10-01 00:00:00,L4 Employees,LM: Logistics
23197,2001-10-01 00:00:00,Not Applicable,SL: Legacy
23200,2005-06-16 00:00:00,L3 Management,MA: Mgmt Advisory Svcs
23202,2001-11-01 00:00:00,L4 Employees,LM: Logistics
23203,2001-10-22 00:00:00,L4 Employees,LM: Logistics
23210,2002-01-22 00:00:00,Not Applicable,SL: Legacy
23219,2017-01-01 00:00:00,L4 Employees,LM: Logistics
23223,2002-03-11 00:00:00,L4 Employees,LM: Logistics
23229,2002-03-25 00:00:00,L4 Employees,LM: Logistics
23246,2002-08-01 00:00:00,L4 Employees,LM: Logistics
23249,2002-06-10 00:00:00,L4 Employees,MA: Mgmt Advisory Svcs
23259,2002-08-19 00:00:00,L4 Employees,MA: Mgmt Advisory Svcs
23261,2002-09-03 00:00:00,L4 Employees,LM: Logistics
23265,2002-09-04 00:00:00,L4 Employees,DS: Digital Services
23279,2002-12-03 00:00:00,L4 Employees,LM: Logistics
23289,2003-02-03 00:00:00,L4 Employees,LM: Logistics
23291,2003-03-03 00:00:00,L4 Employees,DS: Digital Services
23296,2003-03-24 00:00:00,L4 Employees,MA: Mgmt Advisory Svcs
23299,2003-04-01 00:00:00,Not Applicable,SL: Legacy
23304,2018-06-04 00:00:00,L4 Employees,LM: Logistics
23310,2003-05-19 00:00:00,L4 Employees,LM: Logistics
23332,2003-08-25 00:00:00,L4 Employees,LM: Logistics
23341,2003-10-14 00:00:00,L4 Employees,LM: Logistics
23352,2004-01-12 00:00:00,L4 Employees,MA: Mgmt Advisory Svcs
23357,2004-01-01 00:00:00,L4 Employees,LM: Logistics
23362,2004-01-20 00:00:00,L4 Employees,LM: Logistics
23365,2004-02-09 00:00:00,L4 Employees,LM: Logistics
23379,2004-04-12 00:00:00,L4 Employees,LM: Logistics
23380,2004-04-01 00:00:00,L4 Employees,LM: Logistics
23382,2004-05-25 00:00:00,L4 Employees,LM: Logistics
23387,2004-05-17 00:00:00,L4 Employees,MA: Mgmt Advisory Svcs
23390,2004-05-03 00:00:00,Not Applicable,SL: Legacy
23393,2004-05-05 00:00:00,L4 Employees,MA: Mgmt Advisory Svcs
23399,2004-06-14 00:00:00,L4 Employees,MA: Mgmt Advisory Svcs
23400,2004-06-01 00:00:00,L4 Employees,MA: Mgmt Advisory Svcs
23409,2016-05-16 00:00:00,L4 Employees,MA: Mgmt Advisory Svcs
23422,2004-07-01 00:00:00,L4 Employees,MA: Mgmt Advisory Svcs
23429,2004-08-02 00:00:00,L4 Employees,LM: Logistics
23433,2004-08-02 00:00:00,L4 Employees,LM: Logistics
23437,2017-01-01 00:00:00,L4 Employees,LM: Logistics
23446,2004-09-01 00:00:00,L4 Employees,LM: Logistics
23458,2017-01-01 00:00:00,L4 Employees,LM: Logistics
23459,2004-11-08 00:00:00,L4 Employees,MA: Mgmt Advisory Svcs
23461,2004-10-25 00:00:00,L4 Employees,LM: Logistics
23462,2004-11-01 00:00:00,L4 Employees,LM: Logistics
23467,2017-10-15 00:00:00,L4 Employees,LM: Logistics
23473,2005-01-10 00:00:00,L4 Employees,LM: Logistics
23482,2017-01-01 00:00:00,L4 Employees,LM: Logistics
23487,2005-03-21 00:00:00,L4 Employees,LM: Logistics
23488,2005-03-07 00:00:00,L4 Employees,DS: Digital Services
23489,2005-03-07 00:00:00,L4 Employees,DS: Digital Services
23491,2005-04-25 00:00:00,L4 Employees,MA: Mgmt Advisory Svcs
23500,2017-01-01 00:00:00,L4 Employees,LM: Logistics
23502,2005-05-09 00:00:00,L4 Employees,LM: Logistics
23511,2005-06-01 00:00:00,L4 Employees,LM: Logistics
23513,2005-06-20 00:00:00,L4 Employees,DS: Digital Services
23526,2005-09-01 00:00:00,L4 Employees,LM: Logistics
23560,2005-09-12 00:00:00,L4 Employees,MA: Mgmt Advisory Svcs
23564,2005-09-08 00:00:00,L4 Employees,LM: Logistics
23568,2005-09-15 00:00:00,L4 Employees,DS: Digital Services
23576,2017-01-01 00:00:00,L4 Employees,LM: Logistics
23586,2005-11-01 00:00:00,L4 Employees,AA: Advanced Analytics
23590,2017-01-01 00:00:00,L4 Employees,LM: Logistics
23592,2016-10-01 00:00:00,L4 Employees,LM: Logistics
23594,2005-12-01 00:00:00,L4 Employees,LM: Logistics
23598,2006-01-17 00:00:00,L4 Employees,LM: Logistics
23600,2006-03-01 00:00:00,L4 Employees,LM: Logistics
23603,2006-02-13 00:00:00,L4 Employees,DS: Digital Services
23610,2006-04-03 00:00:00,L4 Employees,LM: Logistics
23611,2006-04-03 00:00:00,L4 Employees,DS: Digital Services
23623,2006-05-15 00:00:00,L4 Employees,LM: Logistics
23644,2006-07-24 00:00:00,L4 Employees,LM: Logistics
23649,2006-07-24 00:00:00,L4 Employees,LM: Logistics
23652,2006-08-14 00:00:00,L4 Employees,MA: Mgmt Advisory Svcs
23655,2006-08-07 00:00:00,L4 Employees,MA: Mgmt Advisory Svcs
23661,2009-10-01 00:00:00,L4 Employees,LM: Logistics
23666,2006-09-11 00:00:00,L4 Employees,MA: Mgmt Advisory Svcs
23668,2006-09-05 00:00:00,L4 Employees,MA: Mgmt Advisory Svcs
23670,2006-09-11 00:00:00,L4 Employees,LM: Logistics
23685,2006-11-06 00:00:00,L4 Employees,LM: Logistics
23691,2006-12-04 00:00:00,L4 Employees,DS: Digital Services
23696,2017-01-01 00:00:00,L4 Employees,LM: Logistics
23697,2006-12-04 00:00:00,L4 Employees,MA: Mgmt Advisory Svcs
23698,2007-01-02 00:00:00,Not Applicable,SL: Legacy
23709,2007-01-08 00:00:00,L4 Employees,LM: Logistics
23715,2007-02-05 00:00:00,Not Applicable,SL: Legacy
23721,2007-02-05 00:00:00,L4 Employees,LM: Logistics
23727,2007-03-12 00:00:00,L4 Employees,MA: Mgmt Advisory Svcs
23729,2007-04-02 00:00:00,L4 Employees,MA: Mgmt Advisory Svcs
23732,2007-04-16 00:00:00,L4 Employees,LM: Logistics
23736,2007-05-07 00:00:00,L4 Employees,DS: Digital Services
23738,2018-09-24 00:00:00,L4 Employees,DS: Digital Services
23742,2007-05-14 00:00:00,L4 Employees,LM: Logistics
23747,2007-06-04 00:00:00,L4 Employees,LM: Logistics
23770,2007-07-16 00:00:00,L4 Employees,AA: Advanced Analytics
23771,2017-01-01 00:00:00,L4 Employees,LM: Logistics
23774,2016-10-01 00:00:00,L4 Employees,LM: Logistics
23778,2007-08-20 00:00:00,L4 Employees,LM: Logistics
23782,2007-09-10 00:00:00,L4 Employees,LM: Logistics
23784,2007-09-10 00:00:00,L4 Employees,LM: Logistics
23786,2007-10-01 00:00:00,L4 Employees,LM: Logistics
23790,2007-11-19 00:00:00,L4 Employees,LM: Logistics
23800,2007-10-15 00:00:00,L4 Employees,MA: Mgmt Advisory Svcs
23801,2007-10-15 00:00:00,L4 Employees,LM: Logistics
23805,2015-05-16 00:00:00,L4 Employees,LM: Logistics
23822,2008-01-02 00:00:00,L4 Employees,DS: Digital Services
23823,2008-01-02 00:00:00,L4 Employees,MA: Mgmt Advisory Svcs
23834,2008-03-17 00:00:00,L4 Employees,LM: Logistics
23840,2008-03-03 00:00:00,L4 Employees,MA: Mgmt Advisory Svcs
23854,2016-12-01 00:00:00,L4 Employees,LM: Logistics
23860,2008-05-12 00:00:00,L4 Employees,AA: Advanced Analytics
23862,2016-09-26 00:00:00,L4 Employees,AA: Advanced Analytics
23873,2008-05-27 00:00:00,L4 Employees,MA: Mgmt Advisory Svcs
23877,2013-10-01 00:00:00,L4 Employees,LM: Logistics
23886,2008-06-16 00:00:00,L4 Employees,LM: Logistics
23892,2008-06-23 00:00:00,L4 Employees,LM: Logistics
23894,2008-06-30 00:00:00,L4 Employees,DS: Digital Services
23897,2008-07-07 00:00:00,L4 Employees,LM: Logistics
23907,2008-08-04 00:00:00,L4 Employees,DS: Digital Services
23920,2008-08-01 00:00:00,L4 Employees,MA: Mgmt Advisory Svcs
23937,2008-08-25 00:00:00,L4 Employees,DS: Digital Services
23946,2008-09-15 00:00:00,L4 Employees,LM: Logistics
23955,2008-08-25 00:00:00,L4 Employees,AA: Advanced Analytics
23957,2017-01-01 00:00:00,L4 Employees,LM: Logistics
23959,2015-08-16 00:00:00,L4 Employees,LM: Logistics
23963,2015-01-01 00:00:00,L4 Employees,LM: Logistics
23964,2017-04-17 00:00:00,L4 Employees,MA: Mgmt Advisory Svcs
23967,2008-10-01 00:00:00,L4 Employees,LM: Logistics
23975,2008-10-01 00:00:00,L4 Employees,DS: Digital Services
23980,2014-11-01 00:00:00,L4 Employees,DS: Digital Services
23981,2008-10-14 00:00:00,L4 Employees,LM: Logistics
23988,2008-10-20 00:00:00,L4 Employees,LM: Logistics
23995,2008-11-10 00:00:00,L4 Employees,LM: Logistics
23996,2008-11-17 00:00:00,L4 Employees,DS: Digital Services
23999,2008-11-24 00:00:00,L4 Employees,MA: Mgmt Advisory Svcs
24000,2008-12-01 00:00:00,L4 Employees,LM: Logistics
24003,2008-12-15 00:00:00,L4 Employees,LM: Logistics
24004,2008-12-01 00:00:00,L4 Employees,LM: Logistics
24020,2009-02-02 00:00:00,L4 Employees,MA: Mgmt Advisory Svcs
24021,2009-02-02 00:00:00,Not Applicable,SL: Legacy
24022,2009-02-02 00:00:00,L4 Employees,AA: Advanced Analytics
24025,2016-12-01 00:00:00,L4 Employees,LM: Logistics
24029,2009-05-04 00:00:00,L4 Employees,LM: Logistics
24038,2009-04-06 00:00:00,L4 Employees,MA: Mgmt Advisory Svcs
24039,2017-04-10 00:00:00,L4 Employees,LM: Logistics
24041,2009-05-04 00:00:00,L4 Employees,MA: Mgmt Advisory Svcs
24042,2009-04-01 00:00:00,L4 Employees,MA: Mgmt Advisory Svcs
24046,2017-05-01 00:00:00,L4 Employees,AA: Advanced Analytics
24053,2009-06-08 00:00:00,L4 Employees,AA: Advanced Analytics
24054,2012-02-01 00:00:00,L4 Employees,LM: Logistics
24059,2009-06-01 00:00:00,L4 Employees,MA: Mgmt Advisory Svcs
24063,2009-06-15 00:00:00,L4 Employees,LM: Logistics
24064,2009-06-29 00:00:00,Not Applicable,SL: Legacy
24073,2009-07-06 00:00:00,L4 Employees,LM: Logistics
24074,2009-07-13 00:00:00,L4 Employees,AA: Advanced Analytics
24075,2009-07-13 00:00:00,L4 Employees,MA: Mgmt Advisory Svcs
24088,2016-01-04 00:00:00,L4 Employees,LM: Logistics
24091,2009-10-05 00:00:00,L4 Employees,LM: Logistics
24094,2009-10-05 00:00:00,L4 Employees,LM: Logistics
24096,2009-10-09 00:00:00,L4 Employees,MA: Mgmt Advisory Svcs
24098,2009-10-13 00:00:00,L4 Employees,AA: Advanced Analytics
24099,2009-10-19 00:00:00,L4 Employees,LM: Logistics
24102,2015-04-16 00:00:00,L4 Employees,MA: Mgmt Advisory Svcs
24107,2009-11-09 00:00:00,L4 Employees,LM: Logistics
24113,2017-10-10 00:00:00,L4 Employees,LM: Logistics
24116,2009-12-14 00:00:00,L4 Employees,MA: Mgmt Advisory Svcs
24125,2010-02-01 00:00:00,L4 Employees,MA: Mgmt Advisory Svcs
24127,2010-02-01 00:00:00,L4 Employees,AA: Advanced Analytics
24128,2010-02-16 00:00:00,L4 Employees,LM: Logistics
24131,2010-02-16 00:00:00,L3 Management,LM: Logistics
24135,2010-03-08 00:00:00,L4 Employees,LM: Logistics
24137,2010-03-29 00:00:00,L4 Employees,LM: Logistics
24138,2017-01-01 00:00:00,L4 Employees,LM: Logistics
24139,2010-03-29 00:00:00,L4 Employees,LM: Logistics
24142,2018-09-17 00:00:00,L3 Management,AA: Advanced Analytics
24147,2010-04-05 00:00:00,L4 Employees,LM: Logistics
24148,2010-04-05 00:00:00,L4 Employees,LM: Logistics
24151,2010-04-12 00:00:00,L3 Management,MA: Mgmt Advisory Svcs
24155,2010-05-17 00:00:00,L4 Employees,LM: Logistics
24160,2010-04-26 00:00:00,L4 Employees,LM: Logistics
24162,2010-05-10 00:00:00,L4 Employees,MA: Mgmt Advisory Svcs
24166,2010-06-01 00:00:00,L4 Employees,LM: Logistics
24167,2010-06-01 00:00:00,L4 Employees,MA: Mgmt Advisory Svcs
24181,2010-06-07 00:00:00,Not Applicable,SL: Legacy
24185,2015-01-01 00:00:00,L4 Employees,MA: Mgmt Advisory Svcs
24188,2010-06-28 00:00:00,L4 Employees,MA: Mgmt Advisory Svcs
24189,2010-07-06 00:00:00,L3 Management,LM: Logistics
24200,2010-07-01 00:00:00,L4 Employees,LM: Logistics
24204,2010-08-02 00:00:00,L4 Employees,LM: Logistics
24213,2010-07-26 00:00:00,Not Applicable,SL: Legacy
24219,2010-08-02 00:00:00,L4 Employees,LM: Logistics
24220,2015-05-16 00:00:00,L4 Employees,LM: Logistics
24228,2018-08-06 00:00:00,L4 Employees,AA: Advanced Analytics
24229,2013-02-01 00:00:00,L4 Employees,LM: Logistics
24232,2010-09-13 00:00:00,L4 Employees,AA: Advanced Analytics
24233,2017-11-27 00:00:00,L4 Employees,LM: Logistics
24235,2010-09-16 00:00:00,L4 Employees,DS: Digital Services
24237,2010-10-04 00:00:00,L3 Management,AA: Advanced Analytics
24239,2010-10-08 00:00:00,L4 Employees,MA: Mgmt Advisory Svcs
24249,2010-11-01 00:00:00,L4 Employees,LM: Logistics
24254,2010-10-18 00:00:00,L4 Employees,LM: Logistics
24256,2010-10-25 00:00:00,L4 Employees,LM: Logistics
24258,2018-08-27 00:00:00,L4 Employees,MA: Mgmt Advisory Svcs
24262,2015-09-16 00:00:00,L4 Employees,LM: Logistics
24266,2010-12-06 00:00:00,L4 Employees,LM: Logistics
24282,2011-01-18 00:00:00,L4 Employees,LM: Logistics
24283,2011-01-18 00:00:00,L4 Employees,DS: Digital Services
24285,2011-01-26 00:00:00,L4 Employees,LM: Logistics
24295,2011-02-14 00:00:00,L4 Employees,MA: Mgmt Advisory Svcs
24301,2011-03-21 00:00:00,L4 Employees,LM: Logistics
24302,2017-01-03 00:00:00,L4 Employees,LM: Logistics
24305,2011-03-29 00:00:00,Not Applicable,SL: Legacy
24306,2016-11-07 00:00:00,L4 Employees,AA: Advanced Analytics
24308,2011-06-13 00:00:00,L4 Employees,MA: Mgmt Advisory Svcs
24315,2011-05-16 00:00:00,L4 Employees,DS: Digital Services
24318,2014-11-16 00:00:00,L4 Employees,LM: Logistics
24323,2011-05-11 00:00:00,L4 Employees,MA: Mgmt Advisory Svcs
24328,2011-05-11 00:00:00,L4 Employees,MA: Mgmt Advisory Svcs
24334,2011-05-11 00:00:00,L4 Employees,MA: Mgmt Advisory Svcs
24336,2011-05-11 00:00:00,L4 Employees,MA: Mgmt Advisory Svcs
24338,2011-07-16 00:00:00,L4 Employees,MA: Mgmt Advisory Svcs
24342,2012-06-16 00:00:00,L4 Employees,MA: Mgmt Advisory Svcs
24345,2011-05-11 00:00:00,L4 Employees,MA: Mgmt Advisory Svcs
24346,2011-05-05 00:00:00,L4 Employees,AA: Advanced Analytics
24355,2011-07-11 00:00:00,L4 Employees,LM: Logistics
24364,2011-06-01 00:00:00,L4 Employees,MA: Mgmt Advisory Svcs
24369,2011-06-13 00:00:00,L4 Employees,LM: Logistics
24371,2016-08-01 00:00:00,L4 Employees,LM: Logistics
24372,2011-07-25 00:00:00,Not Applicable,SL: Legacy
24380,2011-08-08 00:00:00,L4 Employees,AA: Advanced Analytics
24384,2011-08-08 00:00:00,L4 Employees,LM: Logistics
24389,2011-08-29 00:00:00,L4 Employees,LM: Logistics
24390,2011-09-06 00:00:00,L4 Employees,AA: Advanced Analytics
24391,2011-09-06 00:00:00,L4 Employees,LM: Logistics
24393,2011-10-03 00:00:00,L4 Employees,AA: Advanced Analytics
24397,2011-09-19 00:00:00,L4 Employees,LM: Logistics
24399,2011-09-26 00:00:00,L4 Employees,MA: Mgmt Advisory Svcs
24403,2011-10-03 00:00:00,L4 Employees,LM: Logistics
24404,2011-10-03 00:00:00,L4 Employees,DS: Digital Services
24405,2011-10-11 00:00:00,L4 Employees,MA: Mgmt Advisory Svcs
24407,2011-10-11 00:00:00,L4 Employees,MA: Mgmt Advisory Svcs
24409,2011-10-11 00:00:00,L4 Employees,LM: Logistics
24410,2011-10-17 00:00:00,L4 Employees,LM: Logistics
24413,2011-11-01 00:00:00,L4 Employees,MA: Mgmt Advisory Svcs
24414,2011-11-14 00:00:00,L4 Employees,MA: Mgmt Advisory Svcs
24416,2019-02-04 00:00:00,L4 Employees,LM: Logistics
24418,2011-11-01 00:00:00,L4 Employees,LM: Logistics
24422,2011-11-08 00:00:00,L4 Employees,MA: Mgmt Advisory Svcs
24423,2011-11-14 00:00:00,Not Applicable,SL: Legacy
24427,2015-01-01 00:00:00,L4 Employees,AA: Advanced Analytics
24436,2011-12-27 00:00:00,L4 Employees,LM: Logistics
24437,2012-01-03 00:00:00,Not Applicable,SL: Legacy
24438,2012-01-03 00:00:00,L4 Employees,LM: Logistics
24443,2012-02-06 00:00:00,L4 Employees,AA: Advanced Analytics
24444,2012-01-23 00:00:00,L4 Employees,MA: Mgmt Advisory Svcs
24450,2012-03-05 00:00:00,L3 Management,AA: Advanced Analytics
24451,2015-02-16 00:00:00,L4 Employees,MA: Mgmt Advisory Svcs
24465,2012-02-27 00:00:00,L4 Employees,MA: Mgmt Advisory Svcs
24503,2012-03-19 00:00:00,L4 Employees,DS: Digital Services
24506,2012-03-12 00:00:00,L4 Employees,LM: Logistics
24510,2015-01-01 00:00:00,L4 Employees,MA: Mgmt Advisory Svcs
24513,2012-07-16 00:00:00,L2 Management,MA: Mgmt Advisory Svcs
24522,2016-05-31 00:00:00,L4 Employees,MA: Mgmt Advisory Svcs
24523,2012-05-21 00:00:00,L4 Employees,MA: Mgmt Advisory Svcs
24527,2012-06-04 00:00:00,L4 Employees,LM: Logistics
24528,2012-06-07 00:00:00,L4 Employees,LM: Logistics
24529,2018-12-17 00:00:00,L4 Employees,MA: Mgmt Advisory Svcs
24530,2012-06-11 00:00:00,L4 Employees,LM: Logistics
24532,2012-06-18 00:00:00,L4 Employees,LM: Logistics
24533,2012-07-02 00:00:00,L4 Employees,LM: Logistics
24534,2012-07-09 00:00:00,L4 Employees,AA: Advanced Analytics
24537,2012-07-09 00:00:00,L4 Employees,MA: Mgmt Advisory Svcs
24542,2018-04-09 00:00:00,L4 Employees,MA: Mgmt Advisory Svcs
24546,2012-08-01 00:00:00,L4 Employees,DS: Digital Services
24547,2012-08-13 00:00:00,L4 Employees,LM: Logistics
24548,2012-08-13 00:00:00,L4 Employees,LM: Logistics
24556,2015-01-16 00:00:00,L4 Employees,AA: Advanced Analytics
24559,2012-08-27 00:00:00,L4 Employees,AA: Advanced Analytics
24567,2012-08-27 00:00:00,L4 Employees,LM: Logistics
24577,2012-09-24 00:00:00,L4 Employees,DS: Digital Services
24580,2012-10-09 00:00:00,L4 Employees,LM: Logistics
24583,2012-10-15 00:00:00,L4 Employees,LM: Logistics
24586,2012-10-15 00:00:00,L4 Employees,AA: Advanced Analytics
24587,2012-10-22 00:00:00,L4 Employees,DS: Digital Services
24589,2012-10-22 00:00:00,L4 Employees,LM: Logistics
24590,2012-10-22 00:00:00,L4 Employees,MA: Mgmt Advisory Svcs
24595,2012-10-29 00:00:00,L4 Employees,LM: Logistics
24597,2012-10-29 00:00:00,Not Applicable,SL: Legacy
24601,2012-12-03 00:00:00,L4 Employees,AA: Advanced Analytics
24602,2012-12-03 00:00:00,L4 Employees,AA: Advanced Analytics
24603,2012-12-17 00:00:00,L4 Employees,AA: Advanced Analytics
24606,2012-12-10 00:00:00,L4 Employees,LM: Logistics
24607,2013-01-02 00:00:00,Not Applicable,SL: Legacy
24612,2013-01-07 00:00:00,L4 Employees,AA: Advanced Analytics
24613,2013-01-07 00:00:00,L4 Employees,DS: Digital Services
24615,2013-01-07 00:00:00,L4 Employees,DS: Digital Services
24617,2013-01-28 00:00:00,L4 Employees,MA: Mgmt Advisory Svcs
24619,2013-02-11 00:00:00,L4 Employees,DS: Digital Services
24620,2016-04-04 00:00:00,L4 Employees,DS: Digital Services
24623,2013-02-11 00:00:00,L4 Employees,MA: Mgmt Advisory Svcs
24624,2013-02-25 00:00:00,L4 Employees,LM: Logistics
24625,2013-02-19 00:00:00,L4 Employees,DS: Digital Services
24629,2013-02-25 00:00:00,L4 Employees,LM: Logistics
24633,2015-07-16 00:00:00,L4 Employees,AA: Advanced Analytics
24637,2013-03-04 00:00:00,L4 Employees,MA: Mgmt Advisory Svcs
24642,2013-04-01 00:00:00,L4 Employees,MA: Mgmt Advisory Svcs
24646,2013-04-15 00:00:00,L4 Employees,MA: Mgmt Advisory Svcs
24652,2013-05-06 00:00:00,Not Applicable,SL: Legacy
24655,2013-05-20 00:00:00,L4 Employees,MA: Mgmt Advisory Svcs
24663,2013-05-28 00:00:00,L4 Employees,DS: Digital Services
24666,2015-09-01 00:00:00,L4 Employees,LM: Logistics
24670,2016-10-01 00:00:00,L4 Employees,MA: Mgmt Advisory Svcs
24676,2013-07-15 00:00:00,Not Applicable,SL: Legacy
24677,2013-06-24 00:00:00,Not Applicable,SL: Legacy
24678,2014-10-16 00:00:00,L4 Employees,AA: Advanced Analytics
24679,2013-06-24 00:00:00,L4 Employees,MA: Mgmt Advisory Svcs
24680,2013-06-24 00:00:00,Not Applicable,SL: Legacy
24681,2013-07-01 00:00:00,L4 Employees,LM: Logistics
24688,2017-04-03 00:00:00,L4 Employees,LM: Logistics
24694,2013-08-05 00:00:00,L4 Employees,MA: Mgmt Advisory Svcs
24697,2013-08-12 00:00:00,L4 Employees,MA: Mgmt Advisory Svcs
24698,2013-08-12 00:00:00,L4 Employees,AA: Advanced Analytics
24700,2013-08-19 00:00:00,Not Applicable,SL: Legacy
24701,2013-08-19 00:00:00,L4 Employees,DS: Digital Services
24703,2015-07-16 00:00:00,L4 Employees,AA: Advanced Analytics
24708,2013-09-03 00:00:00,L4 Employees,LM: Logistics
24713,2013-09-03 00:00:00,Not Applicable,SL: Legacy
24716,2017-01-01 00:00:00,L4 Employees,LM: Logistics
24719,2013-09-23 00:00:00,L4 Employees,DS: Digital Services
24720,2017-04-01 00:00:00,L4 Employees,LM: Logistics
24724,2013-10-07 00:00:00,L4 Employees,LM: Logistics
24725,2013-10-15 00:00:00,L4 Employees,LM: Logistics
24726,2013-10-15 00:00:00,L4 Employees,LM: Logistics
24729,2013-10-28 00:00:00,L4 Employees,MA: Mgmt Advisory Svcs
24731,2013-10-28 00:00:00,L4 Employees,LM: Logistics
24735,2017-04-03 00:00:00,Not Applicable,SL: Legacy
24736,2013-11-12 00:00:00,Not Applicable,SL: Legacy
24737,2013-11-12 00:00:00,L4 Employees,AA: Advanced Analytics
24738,2013-11-12 00:00:00,L4 Employees,MA: Mgmt Advisory Svcs
24740,2013-11-12 00:00:00,Not Applicable,SL: Legacy
24741,2018-06-11 00:00:00,L4 Employees,MA: Mgmt Advisory Svcs
24742,2013-11-12 00:00:00,L4 Employees,AA: Advanced Analytics
24743,2013-11-18 00:00:00,L4 Employees,MA: Mgmt Advisory Svcs
24755,2014-01-06 00:00:00,Not Applicable,SL: Legacy
24756,2014-01-06 00:00:00,L4 Employees,MA: Mgmt Advisory Svcs
24757,2014-01-06 00:00:00,L4 Employees,DS: Digital Services
24765,2014-02-03 00:00:00,L4 Employees,LM: Logistics
24767,2014-02-03 00:00:00,L4 Employees,MA: Mgmt Advisory Svcs
24768,2014-02-10 00:00:00,Not Applicable,SL: Legacy
24770,2014-02-18 00:00:00,L4 Employees,MA: Mgmt Advisory Svcs
24772,2014-02-24 00:00:00,Not Applicable,SL: Legacy
24773,2014-03-04 00:00:00,L4 Employees,DS: Digital Services
24775,2014-03-10 00:00:00,Not Applicable,SL: Legacy
24776,2014-03-18 00:00:00,L4 Employees,LM: Logistics
24777,2014-03-18 00:00:00,L4 Employees,DS: Digital Services
24778,2014-03-18 00:00:00,L4 Employees,MA: Mgmt Advisory Svcs
24779,2014-03-18 00:00:00,Not Applicable,SL: Legacy
24781,2014-03-24 00:00:00,L4 Employees,AA: Advanced Analytics
24785,2014-03-31 00:00:00,L4 Employees,MA: Mgmt Advisory Svcs
24788,2014-04-07 00:00:00,L4 Employees,AA: Advanced Analytics
24791,2014-05-12 00:00:00,L4 Employees,MA: Mgmt Advisory Svcs
24797,2014-06-02 00:00:00,L4 Employees,MA: Mgmt Advisory Svcs
24802,2014-06-10 00:00:00,L4 Employees,MA: Mgmt Advisory Svcs
24806,2014-06-23 00:00:00,L4 Employees,LM: Logistics
24807,2016-10-03 00:00:00,L4 Employees,MA: Mgmt Advisory Svcs
24808,2014-06-30 00:00:00,Not Applicable,SL: Legacy
24810,2014-06-30 00:00:00,L4 Employees,MA: Mgmt Advisory Svcs
24811,2014-07-07 00:00:00,L4 Employees,DS: Digital Services
24815,2014-07-21 00:00:00,L4 Employees,LM: Logistics
24818,2014-07-28 00:00:00,L4 Employees,LM: Logistics
24828,2014-08-25 00:00:00,L4 Employees,AA: Advanced Analytics
24830,2014-09-22 00:00:00,L2 Management,AA: Advanced Analytics
24831,2014-09-02 00:00:00,L4 Employees,AA: Advanced Analytics
24833,2016-06-20 00:00:00,L4 Employees,AA: Advanced Analytics
24837,2014-09-08 00:00:00,L4 Employees,AA: Advanced Analytics
24838,2014-09-08 00:00:00,L4 Employees,AA: Advanced Analytics
24840,2014-09-15 00:00:00,L4 Employees,LM: Logistics
24841,2014-09-22 00:00:00,L4 Employees,AA: Advanced Analytics
24848,2014-09-29 00:00:00,L4 Employees,MA: Mgmt Advisory Svcs
24849,2014-09-29 00:00:00,Not Applicable,SL: Legacy
24852,2014-09-29 00:00:00,L4 Employees,MA: Mgmt Advisory Svcs
24853,2014-10-06 00:00:00,L4 Employees,DS: Digital Services
24855,2014-10-06 00:00:00,L4 Employees,MA: Mgmt Advisory Svcs
24857,2014-10-06 00:00:00,L4 Employees,LM: Logistics
24859,2014-10-06 00:00:00,L4 Employees,MA: Mgmt Advisory Svcs
24861,2014-10-14 00:00:00,Not Applicable,SL: Legacy
24862,2014-10-20 00:00:00,L4 Employees,LM: Logistics
24867,2014-10-27 00:00:00,L4 Employees,MA: Mgmt Advisory Svcs
24872,2014-11-17 00:00:00,L4 Employees,LM: Logistics
24873,2014-11-24 00:00:00,L4 Employees,DS: Digital Services
24875,2014-11-17 00:00:00,Not Applicable,SL: Legacy
24877,2014-11-17 00:00:00,L4 Employees,MA: Mgmt Advisory Svcs
24880,2014-12-01 00:00:00,L4 Employees,MA: Mgmt Advisory Svcs
24881,2014-11-24 00:00:00,L4 Employees,MA: Mgmt Advisory Svcs
24883,2014-11-24 00:00:00,L4 Employees,MA: Mgmt Advisory Svcs
24884,2014-11-24 00:00:00,L4 Employees,MA: Mgmt Advisory Svcs
24885,2014-12-01 00:00:00,Not Applicable,SL: Legacy
24889,2017-07-17 00:00:00,L4 Employees,DS: Digital Services
24891,2014-12-01 00:00:00,L4 Employees,MA: Mgmt Advisory Svcs
24892,2014-12-01 00:00:00,L4 Employees,AA: Advanced Analytics
24893,2014-12-01 00:00:00,L4 Employees,MA: Mgmt Advisory Svcs
24894,2014-12-08 00:00:00,L4 Employees,MA: Mgmt Advisory Svcs
24895,2014-12-15 00:00:00,L4 Employees,MA: Mgmt Advisory Svcs
24897,2014-12-15 00:00:00,Not Applicable,SL: Legacy
24898,2014-12-22 00:00:00,L4 Employees,DS: Digital Services
24899,2015-01-05 00:00:00,L4 Employees,LM: Logistics
24900,2015-01-05 00:00:00,Not Applicable,SL: Legacy
24901,2015-01-05 00:00:00,L4 Employees,AA: Advanced Analytics
24902,2015-01-09 00:00:00,Not Applicable,SL: Legacy
24903,2015-01-05 00:00:00,L4 Employees,MA: Mgmt Advisory Svcs
24904,2015-01-05 00:00:00,L4 Employees,MA: Mgmt Advisory Svcs
24906,2015-01-12 00:00:00,L4 Employees,DS: Digital Services
24908,2016-07-11 00:00:00,L4 Employees,AA: Advanced Analytics
24910,2015-01-20 00:00:00,L4 Employees,MA: Mgmt Advisory Svcs
24912,2015-01-26 00:00:00,Not Applicable,SL: Legacy
24913,2015-01-26 00:00:00,L4 Employees,LM: Logistics
24916,2015-02-02 00:00:00,L4 Employees,DS: Digital Services
24919,2015-02-09 00:00:00,L4 Employees,LM: Logistics
24920,2015-02-09 00:00:00,L4 Employees,DS: Digital Services
24922,2015-02-18 00:00:00,L4 Employees,AA: Advanced Analytics
24923,2015-02-18 00:00:00,L4 Employees,AA: Advanced Analytics
24925,2015-02-18 00:00:00,L4 Employees,AA: Advanced Analytics
24928,2015-02-18 00:00:00,Not Applicable,SL: Legacy
24929,2015-02-23 00:00:00,L4 Employees,DS: Digital Services
24930,2015-03-02 00:00:00,L4 Employees,DS: Digital Services
24931,2015-03-02 00:00:00,L4 Employees,DS: Digital Services
24934,2015-03-02 00:00:00,L4 Employees,DS: Digital Services
24935,2015-03-02 00:00:00,L4 Employees,MA: Mgmt Advisory Svcs
24936,2015-03-09 00:00:00,L4 Employees,MA: Mgmt Advisory Svcs
24938,2015-03-09 00:00:00,Not Applicable,SL: Legacy
24939,2015-03-09 00:00:00,Not Applicable,SL: Legacy
24940,2015-03-09 00:00:00,L4 Employees,AA: Advanced Analytics
24941,2015-03-09 00:00:00,L4 Employees,MA: Mgmt Advisory Svcs
24943,2015-03-16 00:00:00,L4 Employees,DS: Digital Services
24944,2015-03-16 00:00:00,L4 Employees,LM: Logistics
24945,2015-03-16 00:00:00,Not Applicable,SL: Legacy
24946,2015-03-16 00:00:00,L4 Employees,DS: Digital Services
24947,2015-03-16 00:00:00,L4 Employees,LM: Logistics
24948,2015-03-16 00:00:00,L4 Employees,AA: Advanced Analytics
24950,2015-03-30 00:00:00,L4 Employees,DS: Digital Services
24952,2015-03-23 00:00:00,L4 Employees,DS: Digital Services
24953,2015-03-23 00:00:00,L4 Employees,DS: Digital Services
24954,2015-03-23 00:00:00,L4 Employees,DS: Digital Services
24956,2015-04-06 00:00:00,Not Applicable,SL: Legacy
24958,2015-04-06 00:00:00,L4 Employees,AA: Advanced Analytics
24962,2015-04-13 00:00:00,L4 Employees,MA: Mgmt Advisory Svcs
24968,2015-04-20 00:00:00,L4 Employees,MA: Mgmt Advisory Svcs
24969,2015-04-27 00:00:00,Not Applicable,SL: Legacy
24971,2015-04-27 00:00:00,L4 Employees,LM: Logistics
24973,2015-04-27 00:00:00,L4 Employees,LM: Logistics
24974,2015-04-27 00:00:00,L4 Employees,DS: Digital Services
24975,2015-04-27 00:00:00,L4 Employees,LM: Logistics
24977,2015-05-04 00:00:00,L4 Employees,MA: Mgmt Advisory Svcs
24979,2015-05-06 00:00:00,Not Applicable,SL: Legacy
24981,2015-05-11 00:00:00,L4 Employees,AA: Advanced Analytics
24984,2015-05-11 00:00:00,L4 Employees,MA: Mgmt Advisory Svcs
24986,2015-05-11 00:00:00,L4 Employees,LM: Logistics
24988,2015-05-11 00:00:00,L4 Employees,AA: Advanced Analytics
24989,2015-05-11 00:00:00,L4 Employees,DS: Digital Services
24990,2015-05-18 00:00:00,L4 Employees,AA: Advanced Analytics
24991,2015-05-18 00:00:00,L4 Employees,MA: Mgmt Advisory Svcs
24992,2015-05-18 00:00:00,L4 Employees,DS: Digital Services
24996,2015-12-16 00:00:00,L4 Employees,LM: Logistics
25001,2015-05-26 00:00:00,L4 Employees,LM: Logistics
25002,2015-05-26 00:00:00,Not Applicable,SL: Legacy
25004,2015-05-26 00:00:00,Not Applicable,SL: Legacy
25005,2015-06-01 00:00:00,L4 Employees,AA: Advanced Analytics
25007,2015-06-01 00:00:00,L4 Employees,MA: Mgmt Advisory Svcs
25009,2015-06-01 00:00:00,L4 Employees,LM: Logistics
25013,2015-06-08 00:00:00,L4 Employees,LM: Logistics
25014,2015-06-08 00:00:00,Not Applicable,SL: Legacy
25018,2015-06-15 00:00:00,L4 Employees,MA: Mgmt Advisory Svcs
25019,2015-06-15 00:00:00,L4 Employees,LM: Logistics
25020,2015-06-22 00:00:00,L4 Employees,LM: Logistics
25021,2015-06-22 00:00:00,Not Applicable,SL: Legacy
25023,2015-06-22 00:00:00,L4 Employees,MA: Mgmt Advisory Svcs
25027,2015-06-29 00:00:00,L3 Management,MA: Mgmt Advisory Svcs
25028,2015-06-29 00:00:00,L4 Employees,AA: Advanced Analytics
25029,2015-06-29 00:00:00,L4 Employees,AA: Advanced Analytics
25031,2015-07-06 00:00:00,L4 Employees,MA: Mgmt Advisory Svcs
25032,2015-07-06 00:00:00,L4 Employees,LM: Logistics
25033,2018-10-09 00:00:00,L4 Employees,MA: Mgmt Advisory Svcs
25035,2015-07-13 00:00:00,L4 Employees,DS: Digital Services
25036,2015-07-13 00:00:00,L4 Employees,LM: Logistics
25037,2015-07-20 00:00:00,L4 Employees,MA: Mgmt Advisory Svcs
25038,2015-07-20 00:00:00,L4 Employees,DS: Digital Services
25040,2015-07-27 00:00:00,L4 Employees,DS: Digital Services
25041,2015-07-27 00:00:00,L4 Employees,AA: Advanced Analytics
25042,2015-07-27 00:00:00,Not Applicable,SL: Legacy
25043,2015-08-03 00:00:00,Not Applicable,SL: Legacy
25044,2015-08-03 00:00:00,L4 Employees,MA: Mgmt Advisory Svcs
25048,2015-08-03 00:00:00,L4 Employees,MA: Mgmt Advisory Svcs
25051,2015-08-03 00:00:00,L4 Employees,DS: Digital Services
25052,2015-08-03 00:00:00,L4 Employees,AA: Advanced Analytics
25053,2015-08-03 00:00:00,L4 Employees,AA: Advanced Analytics
25056,2015-08-03 00:00:00,L4 Employees,DS: Digital Services
25057,2015-08-03 00:00:00,L4 Employees,LM: Logistics
25059,2015-08-10 00:00:00,L4 Employees,DS: Digital Services
25075,2015-08-24 00:00:00,L4 Employees,DS: Digital Services
25077,2015-08-31 00:00:00,L4 Employees,LM: Logistics
25078,2015-08-31 00:00:00,L4 Employees,MA: Mgmt Advisory Svcs
25079,2018-12-12 00:00:00,L4 Employees,DS: Digital Services
25081,2015-08-31 00:00:00,L4 Employees,AA: Advanced Analytics
25082,2015-09-08 00:00:00,Not Applicable,SL: Legacy
25083,2015-09-14 00:00:00,L4 Employees,MA: Mgmt Advisory Svcs
25086,2015-09-28 00:00:00,L4 Employees,LM: Logistics
25087,2015-09-28 00:00:00,L4 Employees,LM: Logistics
25088,2015-09-28 00:00:00,L4 Employees,LM: Logistics
25089,2015-09-28 00:00:00,L4 Employees,DS: Digital Services
25091,2015-09-28 00:00:00,L4 Employees,AA: Advanced Analytics
25094,2015-10-01 00:00:00,L4 Employees,MA: Mgmt Advisory Svcs
25095,2015-10-05 00:00:00,L4 Employees,DS: Digital Services
25096,2015-10-05 00:00:00,Not Applicable,SL: Legacy
25097,2015-10-05 00:00:00,L4 Employees,LM: Logistics
25100,2015-10-05 00:00:00,L4 Employees,MA: Mgmt Advisory Svcs
25106,2015-10-13 00:00:00,Not Applicable,SL: Legacy
25109,2015-10-19 00:00:00,L4 Employees,MA: Mgmt Advisory Svcs
25113,2015-10-19 00:00:00,L4 Employees,MA: Mgmt Advisory Svcs
25115,2015-10-26 00:00:00,L4 Employees,MA: Mgmt Advisory Svcs
25116,2015-10-26 00:00:00,L4 Employees,MA: Mgmt Advisory Svcs
25117,2015-11-02 00:00:00,L4 Employees,MA: Mgmt Advisory Svcs
25120,2015-11-16 00:00:00,L4 Employees,LM: Logistics
25121,2015-11-16 00:00:00,L4 Employees,MA: Mgmt Advisory Svcs
25122,2015-11-16 00:00:00,L4 Employees,LM: Logistics
25123,2015-11-16 00:00:00,L4 Employees,LM: Logistics
25127,2015-11-23 00:00:00,L4 Employees,MA: Mgmt Advisory Svcs
25130,2015-11-30 00:00:00,L4 Employees,MA: Mgmt Advisory Svcs
25133,2015-11-30 00:00:00,L4 Employees,MA: Mgmt Advisory Svcs
25134,2015-11-30 00:00:00,Not Applicable,SL: Legacy
25137,2015-12-07 00:00:00,L4 Employees,LM: Logistics
25142,2015-12-07 00:00:00,L4 Employees,DS: Digital Services
25143,2015-12-14 00:00:00,L4 Employees,LM: Logistics
25144,2015-12-14 00:00:00,Not Applicable,SL: Legacy
25147,2015-12-14 00:00:00,L4 Employees,DS: Digital Services
25150,2016-01-04 00:00:00,L4 Employees,LM: Logistics
25151,2016-01-04 00:00:00,L4 Employees,LM: Logistics
25153,2016-01-04 00:00:00,Not Applicable,SL: Legacy
25155,2016-01-04 00:00:00,L4 Employees,DS: Digital Services
25156,2016-01-11 00:00:00,Not Applicable,SL: Legacy
25157,2019-01-14 00:00:00,L4 Employees,MA: Mgmt Advisory Svcs
25160,2016-01-19 00:00:00,L4 Employees,MA: Mgmt Advisory Svcs
25162,2016-02-01 00:00:00,L4 Employees,AA: Advanced Analytics
25164,2016-02-01 00:00:00,L4 Employees,MA: Mgmt Advisory Svcs
25165,2016-02-01 00:00:00,Not Applicable,SL: Legacy
25166,2016-02-01 00:00:00,L4 Employees,DS: Digital Services
25167,2016-02-01 00:00:00,L3 Management,LM: Logistics
25169,2016-02-08 00:00:00,L4 Employees,LM: Logistics
25173,2016-02-16 00:00:00,L4 Employees,LM: Logistics
25174,2016-02-22 00:00:00,L4 Employees,MA: Mgmt Advisory Svcs
25175,2016-02-22 00:00:00,L4 Employees,LM: Logistics
25178,2016-03-07 00:00:00,L4 Employees,LM: Logistics
25179,2016-02-29 00:00:00,Not Applicable,SL: Legacy
25183,2016-03-14 00:00:00,L4 Employees,LM: Logistics
25185,2016-03-14 00:00:00,L4 Employees,MA: Mgmt Advisory Svcs
25186,2016-03-21 00:00:00,L4 Employees,LM: Logistics
25188,2016-03-21 00:00:00,L4 Employees,LM: Logistics
25189,2016-03-28 00:00:00,L4 Employees,MA: Mgmt Advisory Svcs
25191,2016-04-04 00:00:00,L4 Employees,LM: Logistics
25194,2016-04-11 00:00:00,L4 Employees,DS: Digital Services
25195,2016-04-11 00:00:00,Not Applicable,SL: Legacy
25197,2016-04-18 00:00:00,L4 Employees,LM: Logistics
25198,2016-04-25 00:00:00,L4 Employees,DS: Digital Services
25199,2016-05-02 00:00:00,L4 Employees,LM: Logistics
25201,2016-05-09 00:00:00,L4 Employees,LM: Logistics
25202,2016-05-09 00:00:00,L4 Employees,DS: Digital Services
25206,2016-05-16 00:00:00,L4 Employees,MA: Mgmt Advisory Svcs
25208,2016-05-16 00:00:00,L4 Employees,MA: Mgmt Advisory Svcs
25209,2016-05-16 00:00:00,L4 Employees,MA: Mgmt Advisory Svcs
25210,2016-05-16 00:00:00,Not Applicable,SL: Legacy
25211,2016-05-23 00:00:00,L4 Employees,MA: Mgmt Advisory Svcs
25213,2016-05-23 00:00:00,L4 Employees,MA: Mgmt Advisory Svcs
25214,2017-05-15 00:00:00,L4 Employees,LM: Logistics
25215,2016-05-31 00:00:00,L4 Employees,MA: Mgmt Advisory Svcs
25216,2016-05-31 00:00:00,L4 Employees,MA: Mgmt Advisory Svcs
25217,2016-05-31 00:00:00,L4 Employees,MA: Mgmt Advisory Svcs
25219,2016-06-06 00:00:00,L4 Employees,DS: Digital Services
25227,2016-06-06 00:00:00,L4 Employees,LM: Logistics
25229,2016-06-20 00:00:00,L4 Employees,MA: Mgmt Advisory Svcs
25233,2016-06-20 00:00:00,L4 Employees,DS: Digital Services
25234,2016-06-20 00:00:00,L4 Employees,DS: Digital Services
25235,2016-06-20 00:00:00,L4 Employees,DS: Digital Services
25236,2016-06-27 00:00:00,L4 Employees,MA: Mgmt Advisory Svcs
25237,2016-06-27 00:00:00,L4 Employees,DS: Digital Services
25238,2016-06-27 00:00:00,L4 Employees,DS: Digital Services
25239,2016-06-27 00:00:00,L4 Employees,MA: Mgmt Advisory Svcs
25240,2016-06-27 00:00:00,L4 Employees,MA: Mgmt Advisory Svcs
25241,2016-07-05 00:00:00,L4 Employees,LM: Logistics
25242,2016-07-05 00:00:00,L4 Employees,DS: Digital Services
25243,2016-07-11 00:00:00,L4 Employees,MA: Mgmt Advisory Svcs
25244,2016-07-11 00:00:00,L4 Employees,MA: Mgmt Advisory Svcs
25245,2016-07-11 00:00:00,L4 Employees,MA: Mgmt Advisory Svcs
25246,2016-07-11 00:00:00,L4 Employees,MA: Mgmt Advisory Svcs
25247,2016-07-11 00:00:00,L4 Employees,MA: Mgmt Advisory Svcs
25248,2016-07-18 00:00:00,L4 Employees,DS: Digital Services
25249,2016-07-18 00:00:00,Not Applicable,SL: Legacy
25250,2016-07-25 00:00:00,L4 Employees,AA: Advanced Analytics
25252,2016-07-18 00:00:00,L4 Employees,MA: Mgmt Advisory Svcs
25253,2016-08-01 00:00:00,L4 Employees,MA: Mgmt Advisory Svcs
25254,2016-08-01 00:00:00,L4 Employees,MA: Mgmt Advisory Svcs
25256,2016-08-01 00:00:00,L4 Employees,LM: Logistics
25257,2016-08-01 00:00:00,Not Applicable,SL: Legacy
25258,2016-08-01 00:00:00,L4 Employees,LM: Logistics
25259,2016-08-01 00:00:00,L4 Employees,MA: Mgmt Advisory Svcs
25260,2016-08-01 00:00:00,L4 Employees,LM: Logistics
25262,2016-08-08 00:00:00,Not Applicable,SL: Legacy
25263,2016-08-08 00:00:00,L4 Employees,MA: Mgmt Advisory Svcs
25264,2016-08-15 00:00:00,L4 Employees,DS: Digital Services
25267,2016-08-15 00:00:00,L4 Employees,DS: Digital Services
25269,2016-08-22 00:00:00,Not Applicable,SL: Legacy
25272,2016-08-22 00:00:00,L4 Employees,LM: Logistics
25273,2018-02-12 00:00:00,L4 Employees,AA: Advanced Analytics
25275,2018-07-02 00:00:00,L4 Employees,AA: Advanced Analytics
25276,2016-08-29 00:00:00,L4 Employees,MA: Mgmt Advisory Svcs
25278,2016-08-29 00:00:00,L4 Employees,MA: Mgmt Advisory Svcs
25280,2016-09-01 00:00:00,L4 Employees,MA: Mgmt Advisory Svcs
25281,2016-09-01 00:00:00,L4 Employees,MA: Mgmt Advisory Svcs
25282,2016-09-01 00:00:00,L4 Employees,MA: Mgmt Advisory Svcs
25283,2016-09-01 00:00:00,L4 Employees,MA: Mgmt Advisory Svcs
25286,2016-09-01 00:00:00,L4 Employees,MA: Mgmt Advisory Svcs
25287,2016-09-01 00:00:00,L4 Employees,MA: Mgmt Advisory Svcs
25288,2016-09-01 00:00:00,L4 Employees,MA: Mgmt Advisory Svcs
25290,2016-09-01 00:00:00,Not Applicable,SL: Legacy
25291,2016-09-01 00:00:00,L4 Employees,MA: Mgmt Advisory Svcs
25292,2016-09-01 00:00:00,L4 Employees,MA: Mgmt Advisory Svcs
25294,2016-09-01 00:00:00,L4 Employees,MA: Mgmt Advisory Svcs
25295,2016-09-01 00:00:00,L4 Employees,AA: Advanced Analytics
25296,2016-09-01 00:00:00,L4 Employees,MA: Mgmt Advisory Svcs
25300,2016-09-01 00:00:00,L4 Employees,MA: Mgmt Advisory Svcs
25301,2016-09-01 00:00:00,L4 Employees,MA: Mgmt Advisory Svcs
25302,2016-09-01 00:00:00,L4 Employees,MA: Mgmt Advisory Svcs
25305,2016-09-01 00:00:00,L4 Employees,MA: Mgmt Advisory Svcs
25306,2016-09-01 00:00:00,L4 Employees,MA: Mgmt Advisory Svcs
25307,2016-09-01 00:00:00,L4 Employees,MA: Mgmt Advisory Svcs
25308,2016-09-01 00:00:00,L4 Employees,MA: Mgmt Advisory Svcs
25309,2016-09-01 00:00:00,L4 Employees,MA: Mgmt Advisory Svcs
25310,2016-09-01 00:00:00,L4 Employees,AA: Advanced Analytics
25314,2017-04-01 00:00:00,L4 Employees,MA: Mgmt Advisory Svcs
25317,2016-09-01 00:00:00,L4 Employees,MA: Mgmt Advisory Svcs
25318,2016-09-01 00:00:00,L4 Employees,MA: Mgmt Advisory Svcs
25319,2016-09-01 00:00:00,L4 Employees,MA: Mgmt Advisory Svcs
25320,2016-09-01 00:00:00,L4 Employees,MA: Mgmt Advisory Svcs
25322,2016-09-01 00:00:00,L4 Employees,MA: Mgmt Advisory Svcs
25323,2016-09-01 00:00:00,L4 Employees,MA: Mgmt Advisory Svcs
25324,2016-09-01 00:00:00,L4 Employees,MA: Mgmt Advisory Svcs
25326,2016-09-01 00:00:00,L4 Employees,MA: Mgmt Advisory Svcs
25327,2016-09-01 00:00:00,L4 Employees,MA: Mgmt Advisory Svcs
25328,2016-09-01 00:00:00,Not Applicable,SL: Legacy
25329,2016-09-01 00:00:00,L4 Employees,MA: Mgmt Advisory Svcs
25331,2016-09-01 00:00:00,L4 Employees,MA: Mgmt Advisory Svcs
25333,2016-09-06 00:00:00,L4 Employees,MA: Mgmt Advisory Svcs
25334,2016-09-06 00:00:00,L4 Employees,LM: Logistics
25335,2016-09-06 00:00:00,L4 Employees,MA: Mgmt Advisory Svcs
25336,2016-09-06 00:00:00,Not Applicable,SL: Legacy
25338,2016-09-06 00:00:00,L4 Employees,LM: Logistics
25339,2016-09-06 00:00:00,Not Applicable,SL: Legacy
25340,2016-09-12 00:00:00,Not Applicable,SL: Legacy
25341,2016-09-12 00:00:00,L4 Employees,AA: Advanced Analytics
25343,2016-09-12 00:00:00,L4 Employees,MA: Mgmt Advisory Svcs
25345,2016-09-19 00:00:00,L4 Employees,AA: Advanced Analytics
25347,2016-09-26 00:00:00,Not Applicable,SL: Legacy
25348,2016-09-27 00:00:00,Not Applicable,SL: Legacy
25349,2016-10-03 00:00:00,L4 Employees,LM: Logistics
25350,2016-10-03 00:00:00,L4 Employees,DS: Digital Services
25351,2016-10-03 00:00:00,L4 Employees,MA: Mgmt Advisory Svcs
25353,2016-10-03 00:00:00,L4 Employees,DS: Digital Services
25354,2016-10-01 00:00:00,L4 Employees,LM: Logistics
25355,2016-10-01 00:00:00,L4 Employees,LM: Logistics
25356,2016-10-01 00:00:00,L4 Employees,LM: Logistics
25358,2016-10-01 00:00:00,L4 Employees,LM: Logistics
25360,2016-10-01 00:00:00,L4 Employees,LM: Logistics
25361,2016-10-11 00:00:00,L4 Employees,DS: Digital Services
25362,2016-10-11 00:00:00,L4 Employees,MA: Mgmt Advisory Svcs
25363,2016-10-11 00:00:00,L4 Employees,LM: Logistics
25364,2016-10-13 00:00:00,L4 Employees,MA: Mgmt Advisory Svcs
25365,2016-10-17 00:00:00,L4 Employees,MA: Mgmt Advisory Svcs
25368,2016-10-31 00:00:00,Not Applicable,SL: Legacy
25369,2016-10-31 00:00:00,L4 Employees,DS: Digital Services
31620,1986-04-21 00:00:00,L4 Employees,DS: Digital Services
33855,2011-10-01 00:00:00,L4 Employees,DS: Digital Services
33862,1994-06-27 00:00:00,L4 Employees,MA: Mgmt Advisory Svcs
33898,1997-02-10 00:00:00,L4 Employees,MA: Mgmt Advisory Svcs
33900,1997-02-10 00:00:00,L4 Employees,DS: Digital Services
33903,1997-03-24 00:00:00,L4 Employees,DS: Digital Services
33908,1997-06-01 00:00:00,L4 Employees,DS: Digital Services
33913,1997-08-11 00:00:00,L4 Employees,MA: Mgmt Advisory Svcs
33935,1999-01-11 00:00:00,L4 Employees,MA: Mgmt Advisory Svcs
33948,1999-09-07 00:00:00,L4 Employees,MA: Mgmt Advisory Svcs
33951,1999-09-20 00:00:00,L4 Employees,MA: Mgmt Advisory Svcs
33965,2000-06-01 00:00:00,L4 Employees,DS: Digital Services
33967,2000-11-07 00:00:00,L4 Employees,LM: Logistics
33968,2000-07-03 00:00:00,L4 Employees,LM: Logistics
33969,2000-07-10 00:00:00,L4 Employees,LM: Logistics
33971,2000-09-18 00:00:00,L4 Employees,DS: Digital Services
33974,2012-05-01 00:00:00,L4 Employees,LM: Logistics
33977,2000-12-11 00:00:00,L4 Employees,DS: Digital Services
33997,2001-05-25 00:00:00,L4 Employees,DS: Digital Services
34013,2002-03-18 00:00:00,L4 Employees,DS: Digital Services
34030,2003-05-16 00:00:00,L4 Employees,MA: Mgmt Advisory Svcs
34068,2004-11-15 00:00:00,L4 Employees,DS: Digital Services
34071,2005-01-03 00:00:00,L4 Employees,DS: Digital Services
34074,2005-03-01 00:00:00,L4 Employees,MA: Mgmt Advisory Svcs
34091,2005-08-16 00:00:00,L4 Employees,DS: Digital Services
34111,2006-07-03 00:00:00,L4 Employees,DS: Digital Services
34113,2006-08-07 00:00:00,L4 Employees,DS: Digital Services
34141,2008-04-28 00:00:00,L4 Employees,MA: Mgmt Advisory Svcs
34145,2008-05-27 00:00:00,L4 Employees,DS: Digital Services
34149,2008-08-01 00:00:00,L4 Employees,MA: Mgmt Advisory Svcs
34164,2009-09-08 00:00:00,L4 Employees,MA: Mgmt Advisory Svcs
34167,2010-03-01 00:00:00,L4 Employees,DS: Digital Services
34185,2018-12-03 00:00:00,L4 Employees,MA: Mgmt Advisory Svcs
34194,2011-08-22 00:00:00,L4 Employees,DS: Digital Services
34198,2015-07-16 00:00:00,L4 Employees,DS: Digital Services
34212,2013-05-28 00:00:00,L4 Employees,DS: Digital Services
34230,2014-10-14 00:00:00,L2 Management,DS: Digital Services
34235,2017-03-06 00:00:00,L4 Employees,LM: Logistics
34246,2015-04-06 00:00:00,L4 Employees,DS: Digital Services
34249,2015-06-08 00:00:00,L4 Employees,DS: Digital Services
34265,2016-02-22 00:00:00,L4 Employees,DS: Digital Services
34268,2016-03-14 00:00:00,L4 Employees,DS: Digital Services
34269,2016-03-21 00:00:00,L4 Employees,DS: Digital Services
34273,2016-06-06 00:00:00,L4 Employees,DS: Digital Services
34277,2016-07-05 00:00:00,L4 Employees,DS: Digital Services
34278,2016-07-18 00:00:00,L4 Employees,DS: Digital Services
34287,2016-10-11 00:00:00,L4 Employees,DS: Digital Services
34289,2016-10-24 00:00:00,L4 Employees,MA: Mgmt Advisory Svcs
34290,2016-11-14 00:00:00,Not Applicable,SL: Legacy
34291,2016-11-14 00:00:00,L4 Employees,DS: Digital Services
34292,2016-11-14 00:00:00,L4 Employees,LM: Logistics
34294,2016-11-21 00:00:00,L4 Employees,MA: Mgmt Advisory Svcs
34295,2016-11-28 00:00:00,L4 Employees,MA: Mgmt Advisory Svcs
34296,2016-11-28 00:00:00,Not Applicable,SL: Legacy
34297,2016-12-01 00:00:00,L4 Employees,LM: Logistics
34299,2016-12-05 00:00:00,L4 Employees,MA: Mgmt Advisory Svcs
34300,2016-12-05 00:00:00,L4 Employees,MA: Mgmt Advisory Svcs
34301,2016-12-05 00:00:00,L4 Employees,MA: Mgmt Advisory Svcs
34302,2016-12-05 00:00:00,Not Applicable,SL: Legacy
34303,2016-12-05 00:00:00,L4 Employees,MA: Mgmt Advisory Svcs
34304,2016-12-12 00:00:00,Not Applicable,SL: Legacy
34306,2016-12-12 00:00:00,L4 Employees,DS: Digital Services
34307,2016-12-12 00:00:00,L4 Employees,AA: Advanced Analytics
34308,2016-12-12 00:00:00,L4 Employees,MA: Mgmt Advisory Svcs
34309,2016-12-12 00:00:00,L4 Employees,MA: Mgmt Advisory Svcs
34312,2018-02-05 00:00:00,L4 Employees,LM: Logistics
34313,2017-01-01 00:00:00,L4 Employees,LM: Logistics
34314,2017-01-01 00:00:00,Not Applicable,SL: Legacy
34316,2017-01-01 00:00:00,L4 Employees,LM: Logistics
34317,2017-01-01 00:00:00,L4 Employees,LM: Logistics
34319,2017-01-01 00:00:00,L4 Employees,LM: Logistics
34320,2017-01-01 00:00:00,L4 Employees,LM: Logistics
34321,2017-01-01 00:00:00,L4 Employees,LM: Logistics
34323,2017-01-01 00:00:00,L4 Employees,LM: Logistics
34325,2017-01-01 00:00:00,L4 Employees,LM: Logistics
34327,2017-01-01 00:00:00,L4 Employees,LM: Logistics
34330,2017-01-01 00:00:00,L4 Employees,LM: Logistics
34331,2017-01-01 00:00:00,L4 Employees,LM: Logistics
34334,2017-01-01 00:00:00,L4 Employees,LM: Logistics
34335,2017-01-01 00:00:00,L4 Employees,LM: Logistics
34336,2017-01-01 00:00:00,L4 Employees,LM: Logistics
34337,2017-01-01 00:00:00,L4 Employees,LM: Logistics
34341,2017-01-01 00:00:00,L4 Employees,LM: Logistics
34342,2017-01-01 00:00:00,L4 Employees,LM: Logistics
34343,2017-01-01 00:00:00,Not Applicable,SL: Legacy
34344,2017-01-01 00:00:00,Not Applicable,SL: Legacy
34347,2017-01-01 00:00:00,Not Applicable,SL: Legacy
34350,2017-01-01 00:00:00,Not Applicable,SL: Legacy
34351,2017-01-01 00:00:00,L4 Employees,LM: Logistics
34352,2017-01-01 00:00:00,L4 Employees,LM: Logistics
34353,2017-01-01 00:00:00,Not Applicable,SL: Legacy
34354,2017-01-01 00:00:00,Not Applicable,SL: Legacy
34355,2017-01-01 00:00:00,L4 Employees,LM: Logistics
34356,2017-01-01 00:00:00,L4 Employees,LM: Logistics
34357,2017-01-01 00:00:00,Not Applicable,SL: Legacy
34358,2017-01-01 00:00:00,L4 Employees,LM: Logistics
34359,2017-01-01 00:00:00,L4 Employees,LM: Logistics
34361,2017-01-01 00:00:00,L4 Employees,DS: Digital Services
34362,2017-01-01 00:00:00,Not Applicable,SL: Legacy
34364,2017-01-01 00:00:00,L4 Employees,AA: Advanced Analytics
34367,2017-01-01 00:00:00,L4 Employees,LM: Logistics
34369,2017-01-01 00:00:00,L4 Employees,DS: Digital Services
34371,2017-01-01 00:00:00,Not Applicable,SL: Legacy
34372,2017-01-01 00:00:00,Not Applicable,SL: Legacy
34373,2017-01-01 00:00:00,L4 Employees,MA: Mgmt Advisory Svcs
34374,2017-01-01 00:00:00,L4 Employees,LM: Logistics
34375,2017-01-01 00:00:00,L4 Employees,LM: Logistics
34376,2017-01-01 00:00:00,Not Applicable,SL: Legacy
34378,2017-01-03 00:00:00,L4 Employees,LM: Logistics
34381,2017-01-09 00:00:00,L4 Employees,AA: Advanced Analytics
34382,2017-01-09 00:00:00,L4 Employees,MA: Mgmt Advisory Svcs
34384,2017-01-09 00:00:00,L4 Employees,MA: Mgmt Advisory Svcs
34385,2017-01-17 00:00:00,L4 Employees,MA: Mgmt Advisory Svcs
34386,2017-01-17 00:00:00,L4 Employees,AA: Advanced Analytics
34389,2017-01-17 00:00:00,L4 Employees,MA: Mgmt Advisory Svcs
34391,2017-01-17 00:00:00,Not Applicable,SL: Legacy
34392,2017-01-23 00:00:00,L4 Employees,DS: Digital Services
34393,2017-01-23 00:00:00,L4 Employees,MA: Mgmt Advisory Svcs
34398,2017-02-13 00:00:00,L4 Employees,LM: Logistics
34400,2017-02-13 00:00:00,Not Applicable,SL: Legacy
34402,2017-02-21 00:00:00,L4 Employees,LM: Logistics
34403,2017-02-21 00:00:00,L4 Employees,LM: Logistics
34404,2017-02-27 00:00:00,L4 Employees,AA: Advanced Analytics
34406,2017-02-27 00:00:00,L4 Employees,LM: Logistics
34407,2017-02-27 00:00:00,L4 Employees,LM: Logistics
34409,2017-04-03 00:00:00,Not Applicable,SL: Legacy
34410,2017-03-13 00:00:00,L4 Employees,DS: Digital Services
34412,2017-03-13 00:00:00,Not Applicable,SL: Legacy
34414,2017-03-20 00:00:00,L4 Employees,MA: Mgmt Advisory Svcs
34416,2017-03-27 00:00:00,Not Applicable,SL: Legacy
34417,2017-04-03 00:00:00,L4 Employees,AA: Advanced Analytics
34418,2017-04-03 00:00:00,L4 Employees,LM: Logistics
34419,2017-04-03 00:00:00,Not Applicable,SL: Legacy
34420,2017-04-10 00:00:00,L4 Employees,MA: Mgmt Advisory Svcs
34421,2017-04-10 00:00:00,L4 Employees,DS: Digital Services
34423,2017-04-10 00:00:00,Not Applicable,SL: Legacy
34424,2017-04-10 00:00:00,L4 Employees,AA: Advanced Analytics
34426,2017-04-17 00:00:00,L4 Employees,LM: Logistics
34427,2017-04-17 00:00:00,L4 Employees,MA: Mgmt Advisory Svcs
34431,2017-04-24 00:00:00,L4 Employees,MA: Mgmt Advisory Svcs
34432,2017-04-24 00:00:00,L4 Employees,MA: Mgmt Advisory Svcs
34433,2017-04-24 00:00:00,L4 Employees,LM: Logistics
34434,2017-04-24 00:00:00,L4 Employees,LM: Logistics
34436,2017-05-01 00:00:00,L4 Employees,LM: Logistics
34438,2017-05-01 00:00:00,L4 Employees,MA: Mgmt Advisory Svcs
34440,2017-05-01 00:00:00,L4 Employees,MA: Mgmt Advisory Svcs
34441,2017-05-01 00:00:00,Not Applicable,SL: Legacy
34442,2017-05-08 00:00:00,Not Applicable,SL: Legacy
34444,2017-05-15 00:00:00,L4 Employees,MA: Mgmt Advisory Svcs
34446,2017-05-15 00:00:00,L4 Employees,AA: Advanced Analytics
34447,2017-05-15 00:00:00,L4 Employees,LM: Logistics
34448,2017-05-15 00:00:00,Not Applicable,SL: Legacy
34449,2017-05-22 00:00:00,L4 Employees,MA: Mgmt Advisory Svcs
34450,2017-05-22 00:00:00,L4 Employees,MA: Mgmt Advisory Svcs
34451,2017-05-22 00:00:00,L4 Employees,MA: Mgmt Advisory Svcs
34452,2017-05-22 00:00:00,L4 Employees,DS: Digital Services
34453,2017-05-22 00:00:00,L4 Employees,DS: Digital Services
34454,2017-05-30 00:00:00,L4 Employees,LM: Logistics
34455,2017-05-30 00:00:00,L4 Employees,MA: Mgmt Advisory Svcs
34456,2017-05-30 00:00:00,L4 Employees,DS: Digital Services
34457,2017-06-05 00:00:00,L4 Employees,MA: Mgmt Advisory Svcs
34458,2017-06-12 00:00:00,Not Applicable,SL: Legacy
34459,2017-06-12 00:00:00,L4 Employees,LM: Logistics
34463,2017-06-12 00:00:00,L4 Employees,LM: Logistics
34464,2017-06-12 00:00:00,L4 Employees,LM: Logistics
34467,2018-01-08 00:00:00,L4 Employees,MA: Mgmt Advisory Svcs
34469,2017-06-12 00:00:00,L4 Employees,LM: Logistics
34470,2017-06-19 00:00:00,L4 Employees,AA: Advanced Analytics
34471,2017-06-26 00:00:00,L4 Employees,MA: Mgmt Advisory Svcs
34473,2017-06-26 00:00:00,L4 Employees,LM: Logistics
34474,2017-06-26 00:00:00,L4 Employees,MA: Mgmt Advisory Svcs
34475,2017-06-26 00:00:00,L4 Employees,DS: Digital Services
34476,2017-07-03 00:00:00,L4 Employees,MA: Mgmt Advisory Svcs
34477,2017-07-03 00:00:00,L4 Employees,LM: Logistics
34478,2017-07-03 00:00:00,L4 Employees,MA: Mgmt Advisory Svcs
34479,2017-07-03 00:00:00,L4 Employees,DS: Digital Services
34480,2017-07-10 00:00:00,L4 Employees,MA: Mgmt Advisory Svcs
34481,2017-07-10 00:00:00,L4 Employees,MA: Mgmt Advisory Svcs
34482,2017-07-10 00:00:00,L4 Employees,MA: Mgmt Advisory Svcs
34483,2017-07-10 00:00:00,L4 Employees,AA: Advanced Analytics
34485,2017-07-17 00:00:00,L4 Employees,LM: Logistics
34488,2017-07-24 00:00:00,L4 Employees,MA: Mgmt Advisory Svcs
34490,2017-08-01 00:00:00,L4 Employees,LM: Logistics
34491,2017-07-31 00:00:00,L4 Employees,AA: Advanced Analytics
34492,2017-08-07 00:00:00,L4 Employees,DS: Digital Services
34493,2017-08-07 00:00:00,L4 Employees,MA: Mgmt Advisory Svcs
34494,2017-08-07 00:00:00,L4 Employees,MA: Mgmt Advisory Svcs
34495,2017-08-14 00:00:00,L4 Employees,MA: Mgmt Advisory Svcs
34496,2017-08-14 00:00:00,Not Applicable,SL: Legacy
34497,2017-08-14 00:00:00,L4 Employees,AA: Advanced Analytics
34498,2017-08-21 00:00:00,L4 Employees,MA: Mgmt Advisory Svcs
34499,2017-08-21 00:00:00,L4 Employees,MA: Mgmt Advisory Svcs
34500,2017-08-21 00:00:00,L4 Employees,LM: Logistics
34501,2017-08-21 00:00:00,Not Applicable,SL: Legacy
34502,2017-08-21 00:00:00,L4 Employees,MA: Mgmt Advisory Svcs
34503,2017-08-28 00:00:00,L4 Employees,DS: Digital Services
34504,2017-08-28 00:00:00,L4 Employees,MA: Mgmt Advisory Svcs
34507,2017-09-05 00:00:00,L4 Employees,LM: Logistics
34508,2017-09-05 00:00:00,L4 Employees,MA: Mgmt Advisory Svcs
34511,2017-09-05 00:00:00,Not Applicable,SL: Legacy
34512,2017-09-05 00:00:00,L4 Employees,LM: Logistics
34513,2017-09-05 00:00:00,Not Applicable,SL: Legacy
34515,2017-09-11 00:00:00,L4 Employees,MA: Mgmt Advisory Svcs
34516,2017-09-18 00:00:00,L4 Employees,MA: Mgmt Advisory Svcs
34517,2017-09-18 00:00:00,Not Applicable,SL: Legacy
34518,2017-09-25 00:00:00,L4 Employees,LM: Logistics
34519,2017-09-25 00:00:00,L4 Employees,MA: Mgmt Advisory Svcs
34520,2017-09-25 00:00:00,L4 Employees,AA: Advanced Analytics
34521,2017-09-25 00:00:00,L4 Employees,DS: Digital Services
34522,2017-09-25 00:00:00,L4 Employees,LM: Logistics
34523,2017-10-05 00:00:00,L4 Employees,LM: Logistics
34524,2017-10-02 00:00:00,L4 Employees,MA: Mgmt Advisory Svcs
34525,2017-10-02 00:00:00,L4 Employees,LM: Logistics
34526,2017-10-02 00:00:00,L4 Employees,MA: Mgmt Advisory Svcs
34527,2017-10-15 00:00:00,L4 Employees,MA: Mgmt Advisory Svcs
34528,2017-10-03 00:00:00,L4 Employees,MA: Mgmt Advisory Svcs
34529,2017-10-02 00:00:00,Not Applicable,SL: Legacy
34531,2017-10-02 00:00:00,L4 Employees,MA: Mgmt Advisory Svcs
34532,2017-10-02 00:00:00,L4 Employees,DS: Digital Services
34534,2017-10-03 00:00:00,L4 Employees,MA: Mgmt Advisory Svcs
34535,2017-10-02 00:00:00,L4 Employees,MA: Mgmt Advisory Svcs
34537,2017-10-10 00:00:00,L4 Employees,DS: Digital Services
34538,2017-10-10 00:00:00,L4 Employees,DS: Digital Services
34539,2017-10-10 00:00:00,L4 Employees,DS: Digital Services
34540,2017-10-15 00:00:00,L4 Employees,MA: Mgmt Advisory Svcs
34541,2017-10-16 00:00:00,L4 Employees,LM: Logistics
34542,2017-10-16 00:00:00,L4 Employees,LM: Logistics
34544,2017-10-16 00:00:00,L4 Employees,MA: Mgmt Advisory Svcs
34545,2017-10-16 00:00:00,L4 Employees,LM: Logistics
34546,2017-10-16 00:00:00,Not Applicable,SL: Legacy
34547,2017-10-16 00:00:00,Not Applicable,SL: Legacy
34548,2017-10-16 00:00:00,L4 Employees,MA: Mgmt Advisory Svcs
34549,2017-10-16 00:00:00,L4 Employees,MA: Mgmt Advisory Svcs
34550,2017-10-16 00:00:00,L4 Employees,MA: Mgmt Advisory Svcs
34551,2017-10-16 00:00:00,L4 Employees,LM: Logistics
34552,2017-10-16 00:00:00,L4 Employees,LM: Logistics
34553,2017-10-16 00:00:00,L4 Employees,LM: Logistics
34554,2017-10-23 00:00:00,Not Applicable,SL: Legacy
34555,2017-10-23 00:00:00,L4 Employees,DS: Digital Services
34556,2017-10-23 00:00:00,L4 Employees,MA: Mgmt Advisory Svcs
34557,2017-10-23 00:00:00,L4 Employees,MA: Mgmt Advisory Svcs
34559,2017-10-23 00:00:00,L4 Employees,LM: Logistics
34560,2017-10-23 00:00:00,L4 Employees,MA: Mgmt Advisory Svcs
34562,2017-10-30 00:00:00,Not Applicable,SL: Legacy
34563,2017-10-30 00:00:00,L4 Employees,AA: Advanced Analytics
34564,2017-10-30 00:00:00,L4 Employees,LM: Logistics
34566,2017-10-30 00:00:00,L4 Employees,MA: Mgmt Advisory Svcs
34567,2017-10-30 00:00:00,L4 Employees,MA: Mgmt Advisory Svcs
34568,2017-11-03 00:00:00,L4 Employees,LM: Logistics
34569,2017-11-06 00:00:00,L4 Employees,MA: Mgmt Advisory Svcs
34570,2017-11-06 00:00:00,L4 Employees,LM: Logistics
34571,2017-11-06 00:00:00,L4 Employees,LM: Logistics
34572,2017-11-06 00:00:00,L4 Employees,MA: Mgmt Advisory Svcs
34573,2017-11-06 00:00:00,Not Applicable,SL: Legacy
34574,2017-11-09 00:00:00,L4 Employees,AA: Advanced Analytics
34575,2017-11-06 00:00:00,Not Applicable,SL: Legacy
34576,2017-11-13 00:00:00,L4 Employees,MA: Mgmt Advisory Svcs
34577,2017-11-13 00:00:00,Not Applicable,SL: Legacy
34578,2017-11-13 00:00:00,L4 Employees,DS: Digital Services
34579,2017-11-13 00:00:00,L4 Employees,LM: Logistics
34581,2017-11-13 00:00:00,L4 Employees,MA: Mgmt Advisory Svcs
34582,2017-11-20 00:00:00,Not Applicable,SL: Legacy
34584,2017-11-20 00:00:00,L4 Employees,LM: Logistics
34585,2017-11-20 00:00:00,L4 Employees,MA: Mgmt Advisory Svcs
34586,2017-11-20 00:00:00,L4 Employees,AA: Advanced Analytics
34587,2017-11-20 00:00:00,L4 Employees,LM: Logistics
34588,2017-11-20 00:00:00,L4 Employees,LM: Logistics
34589,2017-12-04 00:00:00,L4 Employees,MA: Mgmt Advisory Svcs
34590,2017-12-04 00:00:00,L4 Employees,MA: Mgmt Advisory Svcs
34591,2017-12-04 00:00:00,L4 Employees,MA: Mgmt Advisory Svcs
34592,2017-12-04 00:00:00,L4 Employees,MA: Mgmt Advisory Svcs
34593,2017-12-04 00:00:00,L4 Employees,MA: Mgmt Advisory Svcs
34595,2017-12-04 00:00:00,L4 Employees,MA: Mgmt Advisory Svcs
34597,2017-11-27 00:00:00,L4 Employees,DS: Digital Services
34598,2017-11-27 00:00:00,L4 Employees,LM: Logistics
34600,2017-11-27 00:00:00,L4 Employees,MA: Mgmt Advisory Svcs
34602,2017-12-04 00:00:00,L4 Employees,LM: Logistics
34604,2017-12-04 00:00:00,Not Applicable,SL: Legacy
34605,2017-12-04 00:00:00,L4 Employees,MA: Mgmt Advisory Svcs
34606,2017-12-04 00:00:00,Not Applicable,SL: Legacy
34608,2017-12-04 00:00:00,L4 Employees,LM: Logistics
34609,2017-12-04 00:00:00,L4 Employees,MA: Mgmt Advisory Svcs
34610,2017-12-04 00:00:00,L4 Employees,LM: Logistics
34611,2017-12-04 00:00:00,L4 Employees,LM: Logistics
34612,2017-12-04 00:00:00,L4 Employees,LM: Logistics
34613,2017-12-04 00:00:00,L4 Employees,MA: Mgmt Advisory Svcs
34614,2017-12-04 00:00:00,L4 Employees,DS: Digital Services
34615,2017-12-11 00:00:00,L4 Employees,MA: Mgmt Advisory Svcs
34616,2017-12-04 00:00:00,L4 Employees,MA: Mgmt Advisory Svcs
34617,2017-12-04 00:00:00,Not Applicable,SL: Legacy
34618,2017-12-04 00:00:00,L4 Employees,LM: Logistics
34619,2017-12-04 00:00:00,L4 Employees,MA: Mgmt Advisory Svcs
34620,2017-12-11 00:00:00,Not Applicable,SL: Legacy
34621,2017-12-11 00:00:00,L4 Employees,MA: Mgmt Advisory Svcs
34622,2017-12-11 00:00:00,L4 Employees,DS: Digital Services
34623,2017-12-11 00:00:00,L4 Employees,MA: Mgmt Advisory Svcs
34625,2017-12-18 00:00:00,L4 Employees,LM: Logistics
34626,2017-12-18 00:00:00,L4 Employees,MA: Mgmt Advisory Svcs
34627,2017-12-18 00:00:00,L4 Employees,LM: Logistics
34628,2017-12-18 00:00:00,L4 Employees,AA: Advanced Analytics
34629,2017-12-18 00:00:00,L4 Employees,MA: Mgmt Advisory Svcs
34632,2017-12-18 00:00:00,L4 Employees,MA: Mgmt Advisory Svcs
34633,2018-01-02 00:00:00,L4 Employees,LM: Logistics
34634,2018-01-02 00:00:00,Not Applicable,SL: Legacy
34635,2018-01-04 00:00:00,L4 Employees,LM: Logistics
34636,2018-01-04 00:00:00,L4 Employees,LM: Logistics
34637,2018-01-08 00:00:00,L4 Employees,LM: Logistics
34638,2018-01-08 00:00:00,L4 Employees,DS: Digital Services
34639,2018-01-08 00:00:00,L4 Employees,AA: Advanced Analytics
34640,2018-01-16 00:00:00,L4 Employees,LM: Logistics
34641,2018-01-16 00:00:00,L4 Employees,LM: Logistics
34642,2018-01-16 00:00:00,L4 Employees,LM: Logistics
34643,2018-01-16 00:00:00,L4 Employees,LM: Logistics
34644,2018-01-16 00:00:00,L4 Employees,MA: Mgmt Advisory Svcs
34645,2018-01-16 00:00:00,L4 Employees,LM: Logistics
34647,2018-01-22 00:00:00,L4 Employees,MA: Mgmt Advisory Svcs
34649,2018-01-22 00:00:00,L4 Employees,LM: Logistics
34650,2018-01-22 00:00:00,L4 Employees,LM: Logistics
34651,2018-01-22 00:00:00,L4 Employees,MA: Mgmt Advisory Svcs
34652,2018-01-22 00:00:00,L4 Employees,MA: Mgmt Advisory Svcs
34653,2018-01-22 00:00:00,L4 Employees,LM: Logistics
34654,2018-01-29 00:00:00,L4 Employees,MA: Mgmt Advisory Svcs
34656,2018-01-29 00:00:00,L4 Employees,DS: Digital Services
34657,2018-01-29 00:00:00,Not Applicable,SL: Legacy
34658,2018-01-29 00:00:00,L4 Employees,DS: Digital Services
34659,2018-01-29 00:00:00,L4 Employees,LM: Logistics
34660,2018-02-05 00:00:00,L4 Employees,LM: Logistics
34661,2018-02-05 00:00:00,L4 Employees,MA: Mgmt Advisory Svcs
34662,2018-02-05 00:00:00,L4 Employees,AA: Advanced Analytics
34664,2018-02-05 00:00:00,L4 Employees,DS: Digital Services
34665,2018-02-05 00:00:00,L4 Employees,LM: Logistics
34666,2018-02-05 00:00:00,L4 Employees,LM: Logistics
34667,2018-02-05 00:00:00,L4 Employees,LM: Logistics
34670,2018-02-12 00:00:00,L4 Employees,AA: Advanced Analytics
34671,2018-02-12 00:00:00,L4 Employees,DS: Digital Services
34672,2018-02-12 00:00:00,L4 Employees,LM: Logistics
34674,2018-02-20 00:00:00,L4 Employees,AA: Advanced Analytics
34675,2018-02-20 00:00:00,L4 Employees,LM: Logistics
34676,2018-02-20 00:00:00,L4 Employees,DS: Digital Services
34677,2018-02-20 00:00:00,L4 Employees,LM: Logistics
34678,2018-02-20 00:00:00,L4 Employees,MA: Mgmt Advisory Svcs
34679,2018-02-26 00:00:00,L4 Employees,AA: Advanced Analytics
34680,2018-02-26 00:00:00,L4 Employees,LM: Logistics
34681,2018-02-26 00:00:00,L4 Employees,MA: Mgmt Advisory Svcs
34683,2018-03-05 00:00:00,L4 Employees,MA: Mgmt Advisory Svcs
34686,2018-03-12 00:00:00,L4 Employees,MA: Mgmt Advisory Svcs
34687,2018-03-12 00:00:00,L4 Employees,MA: Mgmt Advisory Svcs
34688,2018-03-12 00:00:00,L4 Employees,LM: Logistics
34689,2018-03-22 00:00:00,L4 Employees,MA: Mgmt Advisory Svcs
34691,2018-03-19 00:00:00,L4 Employees,AA: Advanced Analytics
34692,2018-03-19 00:00:00,L4 Employees,LM: Logistics
34693,2018-03-19 00:00:00,L4 Employees,MA: Mgmt Advisory Svcs
34694,2018-03-26 00:00:00,L4 Employees,MA: Mgmt Advisory Svcs
34695,2018-03-23 00:00:00,L3 Management,MA: Mgmt Advisory Svcs
34696,2018-03-26 00:00:00,L4 Employees,MA: Mgmt Advisory Svcs
34697,2018-04-02 00:00:00,L4 Employees,MA: Mgmt Advisory Svcs
34698,2018-04-02 00:00:00,L4 Employees,MA: Mgmt Advisory Svcs
34699,2018-04-02 00:00:00,L4 Employees,DS: Digital Services
34700,2018-04-02 00:00:00,L4 Employees,LM: Logistics
34701,2018-04-02 00:00:00,L4 Employees,LM: Logistics
34702,2018-04-02 00:00:00,Not Applicable,SL: Legacy
34703,2018-04-09 00:00:00,L4 Employees,LM: Logistics
34704,2018-04-09 00:00:00,L4 Employees,DS: Digital Services
34705,2018-04-09 00:00:00,L4 Employees,DS: Digital Services
34707,2018-04-16 00:00:00,L4 Employees,AA: Advanced Analytics
34708,2018-04-18 00:00:00,Not Applicable,MA: Mgmt Advisory Svcs
34709,2018-04-23 00:00:00,L4 Employees,LM: Logistics
34713,2018-05-01 00:00:00,L4 Employees,MA: Mgmt Advisory Svcs
34714,2018-05-01 00:00:00,L4 Employees,MA: Mgmt Advisory Svcs
34718,2018-05-01 00:00:00,L4 Employees,LM: Logistics
34719,2018-05-01 00:00:00,L4 Employees,LM: Logistics
34720,2018-05-01 00:00:00,L4 Employees,LM: Logistics
34722,2018-05-07 00:00:00,L4 Employees,DS: Digital Services
34725,2018-05-14 00:00:00,L4 Employees,DS: Digital Services
34726,2018-05-14 00:00:00,L4 Employees,MA: Mgmt Advisory Svcs
34728,2018-05-14 00:00:00,L4 Employees,LM: Logistics
34729,2018-05-14 00:00:00,L4 Employees,MA: Mgmt Advisory Svcs
34730,2018-05-21 00:00:00,L4 Employees,AA: Advanced Analytics
34731,2018-05-21 00:00:00,L2 Management,DS: Digital Services
34732,2018-05-21 00:00:00,L4 Employees,MA: Mgmt Advisory Svcs
34733,2018-05-21 00:00:00,L4 Employees,LM: Logistics
34734,2018-05-21 00:00:00,L4 Employees,LM: Logistics
34735,2018-05-21 00:00:00,L4 Employees,MA: Mgmt Advisory Svcs
34736,2018-05-21 00:00:00,L4 Employees,AA: Advanced Analytics
34737,2018-05-29 00:00:00,L4 Employees,MA: Mgmt Advisory Svcs
34738,2018-05-29 00:00:00,L4 Employees,DS: Digital Services
34739,2018-05-29 00:00:00,L4 Employees,MA: Mgmt Advisory Svcs
34741,2018-05-29 00:00:00,L4 Employees,DS: Digital Services
34744,2018-06-04 00:00:00,L4 Employees,MA: Mgmt Advisory Svcs
34747,2018-06-04 00:00:00,L4 Employees,DS: Digital Services
34748,2018-06-04 00:00:00,L4 Employees,MA: Mgmt Advisory Svcs
34750,2018-06-11 00:00:00,L4 Employees,MA: Mgmt Advisory Svcs
34751,2018-06-11 00:00:00,L4 Employees,LM: Logistics
34752,2018-06-11 00:00:00,L4 Employees,LM: Logistics
34753,2018-06-11 00:00:00,L4 Employees,LM: Logistics
34756,2018-06-11 00:00:00,L4 Employees,LM: Logistics
34757,2018-06-11 00:00:00,L4 Employees,DS: Digital Services
34759,2018-06-18 00:00:00,L4 Employees,AA: Advanced Analytics
34761,2018-06-18 00:00:00,L4 Employees,DS: Digital Services
34762,2018-06-18 00:00:00,L4 Employees,MA: Mgmt Advisory Svcs
34763,2018-06-18 00:00:00,L4 Employees,LM: Logistics
34764,2018-06-18 00:00:00,L4 Employees,LM: Logistics
34765,2018-06-18 00:00:00,L4 Employees,LM: Logistics
34767,2018-06-25 00:00:00,L4 Employees,DS: Digital Services
34768,2018-06-25 00:00:00,L4 Employees,LM: Logistics
34769,2018-06-25 00:00:00,L4 Employees,LM: Logistics
34772,2018-07-02 00:00:00,L4 Employees,DS: Digital Services
34773,2018-07-02 00:00:00,L4 Employees,MA: Mgmt Advisory Svcs
34774,2018-07-02 00:00:00,L4 Employees,DS: Digital Services
34776,2018-07-03 00:00:00,L4 Employees,MA: Mgmt Advisory Svcs
34777,2018-07-09 00:00:00,L4 Employees,MA: Mgmt Advisory Svcs
34778,2018-07-09 00:00:00,L4 Employees,MA: Mgmt Advisory Svcs
34779,2018-07-09 00:00:00,L4 Employees,MA: Mgmt Advisory Svcs
34780,2018-07-09 00:00:00,L4 Employees,LM: Logistics
34781,2018-07-09 00:00:00,L4 Employees,AA: Advanced Analytics
34782,2018-07-09 00:00:00,L4 Employees,AA: Advanced Analytics
34783,2018-07-09 00:00:00,L4 Employees,MA: Mgmt Advisory Svcs
34787,2018-07-09 00:00:00,L4 Employees,LM: Logistics
34788,2018-07-09 00:00:00,L4 Employees,DS: Digital Services
34789,2018-07-09 00:00:00,L4 Employees,MA: Mgmt Advisory Svcs
34790,2018-07-09 00:00:00,L4 Employees,LM: Logistics
34791,2018-07-16 00:00:00,L4 Employees,AA: Advanced Analytics
34795,2018-07-23 00:00:00,L4 Employees,MA: Mgmt Advisory Svcs
34797,2018-07-30 00:00:00,L4 Employees,AA: Advanced Analytics
34798,2018-07-30 00:00:00,L4 Employees,DS: Digital Services
34799,2018-08-01 00:00:00,L4 Employees,MA: Mgmt Advisory Svcs
34800,2018-08-06 00:00:00,L4 Employees,MA: Mgmt Advisory Svcs
34803,2018-08-06 00:00:00,L4 Employees,MA: Mgmt Advisory Svcs
34804,2018-08-06 00:00:00,L4 Employees,DS: Digital Services
34805,2018-08-13 00:00:00,L4 Employees,LM: Logistics
34806,2018-08-13 00:00:00,L4 Employees,MA: Mgmt Advisory Svcs
34808,2018-08-13 00:00:00,L4 Employees,DS: Digital Services
34809,2018-08-13 00:00:00,L3 Management,DS: Digital Services
34811,2018-08-13 00:00:00,L4 Employees,DS: Digital Services
34813,2018-08-20 00:00:00,L4 Employees,LM: Logistics
34814,2018-08-20 00:00:00,L4 Employees,DS: Digital Services
34816,2018-08-20 00:00:00,L4 Employees,LM: Logistics
34817,2018-08-20 00:00:00,L4 Employees,DS: Digital Services
34818,2018-08-20 00:00:00,L4 Employees,LM: Logistics
34819,2018-08-20 00:00:00,L4 Employees,AA: Advanced Analytics
34820,2018-08-20 00:00:00,L4 Employees,AA: Advanced Analytics
34821,2018-08-20 00:00:00,L4 Employees,LM: Logistics
34822,2018-08-27 00:00:00,L4 Employees,MA: Mgmt Advisory Svcs
34823,2018-08-27 00:00:00,L4 Employees,AA: Advanced Analytics
34824,2018-08-27 00:00:00,L4 Employees,MA: Mgmt Advisory Svcs
34825,2018-08-27 00:00:00,L4 Employees,DS: Digital Services
34826,2018-08-27 00:00:00,L4 Employees,DS: Digital Services
34827,2018-08-27 00:00:00,L4 Employees,LM: Logistics
34828,2018-08-27 00:00:00,L4 Employees,MA: Mgmt Advisory Svcs
34829,2018-09-04 00:00:00,L4 Employees,LM: Logistics
34830,2018-09-04 00:00:00,L4 Employees,LM: Logistics
34831,2018-09-04 00:00:00,L4 Employees,LM: Logistics
34832,2018-09-04 00:00:00,L4 Employees,MA: Mgmt Advisory Svcs
34833,2018-09-10 00:00:00,L4 Employees,MA: Mgmt Advisory Svcs
34834,2018-09-10 00:00:00,L4 Employees,MA: Mgmt Advisory Svcs
34835,2018-09-10 00:00:00,L4 Employees,MA: Mgmt Advisory Svcs
34837,2018-09-17 00:00:00,L4 Employees,MA: Mgmt Advisory Svcs
34839,2018-09-17 00:00:00,L4 Employees,MA: Mgmt Advisory Svcs
34840,2018-09-19 00:00:00,L4 Employees,LM: Logistics
34841,2018-09-24 00:00:00,L4 Employees,AA: Advanced Analytics
34842,2018-09-24 00:00:00,L4 Employees,MA: Mgmt Advisory Svcs
34843,2018-09-24 00:00:00,L4 Employees,DS: Digital Services
34844,2018-09-24 00:00:00,L4 Employees,DS: Digital Services
34845,2018-09-24 00:00:00,L4 Employees,DS: Digital Services
34846,2018-09-24 00:00:00,L4 Employees,LM: Logistics
34848,2018-10-01 00:00:00,L4 Employees,AA: Advanced Analytics
34849,2018-10-01 00:00:00,L4 Employees,AA: Advanced Analytics
34850,2018-10-01 00:00:00,L4 Employees,LM: Logistics
34852,2018-10-01 00:00:00,L4 Employees,LM: Logistics
34853,2018-10-09 00:00:00,L4 Employees,AA: Advanced Analytics
34854,2018-10-09 00:00:00,L4 Employees,DS: Digital Services
34855,2018-10-09 00:00:00,L4 Employees,LM: Logistics
34859,2018-10-09 00:00:00,L4 Employees,DS: Digital Services
34860,2018-10-09 00:00:00,L4 Employees,LM: Logistics
34861,2018-10-09 00:00:00,L4 Employees,LM: Logistics
34863,2018-10-09 00:00:00,L4 Employees,MA: Mgmt Advisory Svcs
34864,2018-10-15 00:00:00,L4 Employees,AA: Advanced Analytics
34865,2018-10-15 00:00:00,L4 Employees,LM: Logistics
34866,2018-10-15 00:00:00,L4 Employees,LM: Logistics
34868,2018-10-15 00:00:00,L4 Employees,MA: Mgmt Advisory Svcs
34870,2018-10-15 00:00:00,L4 Employees,LM: Logistics
34871,2018-10-22 00:00:00,L2 Management,LM: Logistics
34872,2018-10-22 00:00:00,L3 Management,DS: Digital Services
34873,2018-10-22 00:00:00,L3 Management,DS: Digital Services
34874,2018-10-22 00:00:00,L4 Employees,MA: Mgmt Advisory Svcs
34875,2018-10-22 00:00:00,L4 Employees,LM: Logistics
34876,2018-10-22 00:00:00,L4 Employees,LM: Logistics
34877,2018-10-22 00:00:00,L4 Employees,AA: Advanced Analytics
34878,2018-10-22 00:00:00,L4 Employees,AA: Advanced Analytics
34879,2018-10-22 00:00:00,L4 Employees,LM: Logistics
34880,2018-10-22 00:00:00,L4 Employees,LM: Logistics
34881,2018-10-29 00:00:00,L4 Employees,DS: Digital Services
34882,2018-10-29 00:00:00,L4 Employees,AA: Advanced Analytics
34883,2018-10-29 00:00:00,L4 Employees,DS: Digital Services
34884,2018-10-29 00:00:00,L4 Employees,LM: Logistics
34885,2018-10-29 00:00:00,L4 Employees,MA: Mgmt Advisory Svcs
34886,2018-10-29 00:00:00,L4 Employees,AA: Advanced Analytics
34887,2018-10-29 00:00:00,L4 Employees,DS: Digital Services
34888,2018-10-29 00:00:00,L4 Employees,DS: Digital Services
34889,2018-10-29 00:00:00,L4 Employees,MA: Mgmt Advisory Svcs
34890,2018-10-29 00:00:00,L4 Employees,LM: Logistics
34891,2018-10-29 00:00:00,L4 Employees,LM: Logistics
34892,2018-11-01 00:00:00,L4 Employees,MA: Mgmt Advisory Svcs
34893,2018-11-05 00:00:00,L4 Employees,DS: Digital Services
34894,2018-11-05 00:00:00,L4 Employees,LM: Logistics
34895,2018-11-05 00:00:00,L4 Employees,MA: Mgmt Advisory Svcs
34896,2018-11-05 00:00:00,L4 Employees,MA: Mgmt Advisory Svcs
34897,2018-11-05 00:00:00,L4 Employees,LM: Logistics
34898,2018-11-05 00:00:00,L4 Employees,DS: Digital Services
34899,2018-11-05 00:00:00,L4 Employees,DS: Digital Services
34900,2018-11-19 00:00:00,L4 Employees,MA: Mgmt Advisory Svcs
34902,2018-11-05 00:00:00,L4 Employees,LM: Logistics
34903,2018-11-05 00:00:00,L4 Employees,AA: Advanced Analytics
34904,2018-11-05 00:00:00,L4 Employees,MA: Mgmt Advisory Svcs
34905,2018-11-06 00:00:00,L4 Employees,DS: Digital Services
34907,2018-11-08 00:00:00,L4 Employees,MA: Mgmt Advisory Svcs
34908,2018-11-08 00:00:00,L4 Employees,MA: Mgmt Advisory Svcs
34909,2018-11-13 00:00:00,L4 Employees,AA: Advanced Analytics
34910,2018-11-13 00:00:00,L4 Employees,LM: Logistics
34911,2018-11-13 00:00:00,L4 Employees,LM: Logistics
34912,2018-11-13 00:00:00,L4 Employees,AA: Advanced Analytics
34913,2018-11-13 00:00:00,L4 Employees,LM: Logistics
34914,2018-11-13 00:00:00,L4 Employees,MA: Mgmt Advisory Svcs
34915,2018-11-13 00:00:00,L4 Employees,LM: Logistics
34917,2018-11-13 00:00:00,L4 Employees,MA: Mgmt Advisory Svcs
34918,2018-11-13 00:00:00,L4 Employees,LM: Logistics
34919,2018-11-19 00:00:00,L4 Employees,LM: Logistics
34920,2018-11-15 00:00:00,L4 Employees,MA: Mgmt Advisory Svcs
34921,2018-11-19 00:00:00,L4 Employees,MA: Mgmt Advisory Svcs
34922,2018-11-19 00:00:00,L4 Employees,DS: Digital Services
34923,2018-11-19 00:00:00,L4 Employees,DS: Digital Services
34924,2018-11-19 00:00:00,L4 Employees,LM: Logistics
34926,2018-11-19 00:00:00,L4 Employees,DS: Digital Services
34927,2018-11-19 00:00:00,L4 Employees,AA: Advanced Analytics
34928,2018-12-03 00:00:00,L4 Employees,MA: Mgmt Advisory Svcs
34930,2018-11-19 00:00:00,L4 Employees,LM: Logistics
34931,2018-11-26 00:00:00,L4 Employees,MA: Mgmt Advisory Svcs
34932,2018-11-27 00:00:00,L4 Employees,MA: Mgmt Advisory Svcs
34933,2018-11-26 00:00:00,L4 Employees,LM: Logistics
34934,2018-11-26 00:00:00,L4 Employees,DS: Digital Services
34935,2018-11-26 00:00:00,L4 Employees,LM: Logistics
34936,2018-11-26 00:00:00,L4 Employees,MA: Mgmt Advisory Svcs
34937,2018-12-03 00:00:00,L4 Employees,AA: Advanced Analytics
34938,2018-12-03 00:00:00,L4 Employees,AA: Advanced Analytics
34939,2018-12-03 00:00:00,L4 Employees,MA: Mgmt Advisory Svcs
34940,2018-12-03 00:00:00,L4 Employees,MA: Mgmt Advisory Svcs
34941,2018-12-03 00:00:00,L4 Employees,DS: Digital Services
34943,2018-12-03 00:00:00,L4 Employees,LM: Logistics
34944,2018-12-03 00:00:00,L4 Employees,MA: Mgmt Advisory Svcs
34946,2018-12-03 00:00:00,L4 Employees,DS: Digital Services
34948,2018-12-03 00:00:00,L4 Employees,AA: Advanced Analytics
34949,2018-12-03 00:00:00,L4 Employees,LM: Logistics
34950,2018-12-03 00:00:00,L4 Employees,MA: Mgmt Advisory Svcs
34952,2018-12-03 00:00:00,L4 Employees,MA: Mgmt Advisory Svcs
34958,2018-12-03 00:00:00,L4 Employees,DS: Digital Services
34965,2018-12-07 00:00:00,L4 Employees,MA: Mgmt Advisory Svcs
34966,2018-12-10 00:00:00,L4 Employees,MA: Mgmt Advisory Svcs
34967,2018-12-12 00:00:00,L4 Employees,DS: Digital Services
34968,2018-12-10 00:00:00,L4 Employees,DS: Digital Services
34969,2018-12-10 00:00:00,L4 Employees,DS: Digital Services
34970,2018-12-10 00:00:00,L4 Employees,LM: Logistics
34971,2018-12-10 00:00:00,L4 Employees,LM: Logistics
34972,2018-12-10 00:00:00,L4 Employees,MA: Mgmt Advisory Svcs
34974,2018-12-12 00:00:00,L4 Employees,DS: Digital Services
34975,2018-12-12 00:00:00,L4 Employees,DS: Digital Services
34976,2018-12-12 00:00:00,L4 Employees,AA: Advanced Analytics
34977,2018-12-12 00:00:00,L4 Employees,AA: Advanced Analytics
34978,2018-12-12 00:00:00,L4 Employees,AA: Advanced Analytics
34979,2018-12-13 00:00:00,L4 Employees,AA: Advanced Analytics
34980,2018-12-17 00:00:00,L4 Employees,LM: Logistics
34983,2018-12-17 00:00:00,L4 Employees,DS: Digital Services
34984,2018-12-17 00:00:00,L4 Employees,LM: Logistics
34985,2018-12-17 00:00:00,L4 Employees,LM: Logistics
34987,2018-12-19 00:00:00,L4 Employees,MA: Mgmt Advisory Svcs
34988,2018-12-26 00:00:00,L4 Employees,MA: Mgmt Advisory Svcs
34989,2018-12-26 00:00:00,L4 Employees,LM: Logistics
34990,2019-01-02 00:00:00,L4 Employees,AA: Advanced Analytics
34991,2019-01-02 00:00:00,L4 Employees,MA: Mgmt Advisory Svcs
34992,2019-01-02 00:00:00,L4 Employees,MA: Mgmt Advisory Svcs
34995,2019-01-03 00:00:00,L4 Employees,MA: Mgmt Advisory Svcs
34996,2019-01-07 00:00:00,L4 Employees,MA: Mgmt Advisory Svcs
34997,2019-01-07 00:00:00,L4 Employees,LM: Logistics
34998,2019-01-07 00:00:00,L4 Employees,LM: Logistics
35000,2019-01-07 00:00:00,L4 Employees,LM: Logistics
35001,2019-01-07 00:00:00,L4 Employees,AA: Advanced Analytics
35002,2019-01-07 00:00:00,L4 Employees,DS: Digital Services
35003,2019-01-07 00:00:00,L4 Employees,LM: Logistics
35004,2019-01-07 00:00:00,L4 Employees,MA: Mgmt Advisory Svcs
35006,2019-01-07 00:00:00,L4 Employees,AA: Advanced Analytics
35007,2019-01-07 00:00:00,L4 Employees,MA: Mgmt Advisory Svcs
35008,2019-01-14 00:00:00,L4 Employees,AA: Advanced Analytics
35009,2019-01-07 00:00:00,L4 Employees,DS: Digital Services
35010,2019-01-14 00:00:00,L4 Employees,MA: Mgmt Advisory Svcs
35011,2019-01-07 00:00:00,L4 Employees,LM: Logistics
35013,2019-01-14 00:00:00,L4 Employees,LM: Logistics
35014,2019-01-14 00:00:00,L4 Employees,MA: Mgmt Advisory Svcs
35015,2019-01-14 00:00:00,L4 Employees,MA: Mgmt Advisory Svcs
35016,2019-01-14 00:00:00,L4 Employees,LM: Logistics
35017,2019-01-14 00:00:00,L4 Employees,LM: Logistics
35021,2019-01-22 00:00:00,L4 Employees,LM: Logistics
35022,2019-01-22 00:00:00,L4 Employees,DS: Digital Services
35023,2019-01-22 00:00:00,L4 Employees,AA: Advanced Analytics
35024,2019-01-22 00:00:00,L4 Employees,AA: Advanced Analytics
35025,2019-01-28 00:00:00,L4 Employees,DS: Digital Services
35026,2019-01-28 00:00:00,L4 Employees,DS: Digital Services
35028,2019-01-28 00:00:00,L4 Employees,DS: Digital Services
35030,2019-01-28 00:00:00,L4 Employees,DS: Digital Services
35031,2019-01-28 00:00:00,L4 Employees,MA: Mgmt Advisory Svcs
35032,2019-01-28 00:00:00,L4 Employees,MA: Mgmt Advisory Svcs
35033,2019-01-28 00:00:00,L4 Employees,MA: Mgmt Advisory Svcs
35035,2019-02-01 00:00:00,L4 Employees,LM: Logistics
35037,2019-02-04 00:00:00,L4 Employees,LM: Logistics
35038,2019-02-04 00:00:00,L4 Employees,DS: Digital Services
35039,2019-02-04 00:00:00,L4 Employees,LM: Logistics
35040,2019-02-04 00:00:00,L4 Employees,DS: Digital Services
35042,2019-02-04 00:00:00,L4 Employees,LM: Logistics
35044,2019-02-04 00:00:00,L4 Employees,MA: Mgmt Advisory Svcs
35045,2019-02-04 00:00:00,L4 Employees,MA: Mgmt Advisory Svcs
35046,2019-02-04 00:00:00,L4 Employees,MA: Mgmt Advisory Svcs
35049,2019-02-04 00:00:00,L4 Employees,LM: Logistics
35053,2019-02-11 00:00:00,L4 Employees,MA: Mgmt Advisory Svcs
